Year,Race,Sex,Age,Pop
1999,Total,F,20-24,725660
1999,Total,M,20-24,773252
1999,Total,F,25-29,773408
1999,Total,M,25-29,800999
1999,Total,F,30-34,771770
1999,Total,M,30-34,795710
1999,Total,F,35-39,843958
1999,Total,M,35-39,853450
1999,Total,F,40-44,800286
1999,Total,M,40-44,803522
1999,Total,F,45-49,693432
1999,Total,M,45-49,680646
1999,Total,F,50-54,583232
1999,Total,M,50-54,563549
1999,Total,F,55-59,443651
1999,Total,M,55-59,419641
1999,Total,F,60-64,362968
1999,Total,M,60-64,330405
1999,Total,F,65-69,324351
1999,Total,M,65-69,280343
1999,Total,F,70-74,296860
1999,Total,M,70-74,232162
1999,Total,F,75-79,244968
1999,Total,M,75-79,171837
1999,Total,F,80-84,167615
1999,Total,M,80-84,98390
1999,Total,F,85+,167430
1999,Total,M,85+,66337
2000,Total,F,20-24,751055
2000,Total,M,20-24,800392
2000,Total,F,25-29,779057
2000,Total,M,25-29,808832
2000,Total,F,30-34,774843
2000,Total,M,30-34,800108
2000,Total,F,35-39,839635
2000,Total,M,35-39,849511
2000,Total,F,40-44,818923
2000,Total,M,40-44,824149
2000,Total,F,45-49,719719
2000,Total,M,45-49,707923
2000,Total,F,50-54,614936
2000,Total,M,50-54,595453
2000,Total,F,55-59,464141
2000,Total,M,55-59,440052
2000,Total,F,60-64,369104
2000,Total,M,60-64,337024
2000,Total,F,65-69,327237
2000,Total,M,65-69,284046
2000,Total,F,70-74,297702
2000,Total,M,70-74,235951
2000,Total,F,75-79,249881
2000,Total,M,75-79,176475
2000,Total,F,80-84,169286
2000,Total,M,80-84,101303
2000,Total,F,85+,170479
2000,Total,M,85+,68683
2001,Total,F,20-24,781330
2001,Total,M,20-24,831084
2001,Total,F,25-29,772457
2001,Total,M,25-29,802799
2001,Total,F,30-34,795457
2001,Total,M,30-34,815703
2001,Total,F,35-39,828457
2001,Total,M,35-39,838077
2001,Total,F,40-44,836307
2001,Total,M,40-44,840565
2001,Total,F,45-49,742705
2001,Total,M,45-49,732005
2001,Total,F,50-54,650246
2001,Total,M,50-54,629111
2001,Total,F,55-59,480389
2001,Total,M,55-59,457096
2001,Total,F,60-64,380285
2001,Total,M,60-64,347992
2001,Total,F,65-69,331152
2001,Total,M,65-69,288004
2001,Total,F,70-74,297812
2001,Total,M,70-74,239061
2001,Total,F,75-79,252465
2001,Total,M,75-79,179112
2001,Total,F,80-84,174513
2001,Total,M,80-84,106133
2001,Total,F,85+,169344
2001,Total,M,85+,69069
2002,Total,F,20-24,807313
2002,Total,M,20-24,862352
2002,Total,F,25-29,774359
2002,Total,M,25-29,801781
2002,Total,F,30-34,812665
2002,Total,M,30-34,830843
2002,Total,F,35-39,814988
2002,Total,M,35-39,824582
2002,Total,F,40-44,845297
2002,Total,M,40-44,848170
2002,Total,F,45-49,770144
2002,Total,M,45-49,759370
2002,Total,F,50-54,658262
2002,Total,M,50-54,635997
2002,Total,F,55-59,522524
2002,Total,M,55-59,498052
2002,Total,F,60-64,395448
2002,Total,M,60-64,363632
2002,Total,F,65-69,335250
2002,Total,M,65-69,292419
2002,Total,F,70-74,298236
2002,Total,M,70-74,241511
2002,Total,F,75-79,253778
2002,Total,M,75-79,181253
2002,Total,F,80-84,180763
2002,Total,M,80-84,111720
2002,Total,F,85+,168790
2002,Total,M,85+,69748
2003,Total,F,20-24,829174
2003,Total,M,20-24,881073
2003,Total,F,25-29,777053
2003,Total,M,25-29,800789
2003,Total,F,30-34,822546
2003,Total,M,30-34,834467
2003,Total,F,35-39,803342
2003,Total,M,35-39,810425
2003,Total,F,40-44,853922
2003,Total,M,40-44,853873
2003,Total,F,45-49,791427
2003,Total,M,45-49,781472
2003,Total,F,50-54,678888
2003,Total,M,50-54,655537
2003,Total,F,55-59,551852
2003,Total,M,55-59,525660
2003,Total,F,60-64,415680
2003,Total,M,60-64,384108
2003,Total,F,65-69,342877
2003,Total,M,65-69,300086
2003,Total,F,70-74,299510
2003,Total,M,70-74,243805
2003,Total,F,75-79,255561
2003,Total,M,75-79,183749
2003,Total,F,80-84,185491
2003,Total,M,80-84,116262
2003,Total,F,85+,170564
2003,Total,M,85+,72055
2004,Total,F,20-24,839827
2004,Total,M,20-24,895229
2004,Total,F,25-29,790265
2004,Total,M,25-29,812073
2004,Total,F,30-34,825093
2004,Total,M,30-34,835692
2004,Total,F,35-39,798736
2004,Total,M,35-39,805739
2004,Total,F,40-44,862041
2004,Total,M,40-44,859456
2004,Total,F,45-49,808455
2004,Total,M,45-49,801275
2004,Total,F,50-54,702599
2004,Total,M,50-54,677517
2004,Total,F,55-59,581677
2004,Total,M,55-59,553723
2004,Total,F,60-64,437006
2004,Total,M,60-64,404637
2004,Total,F,65-69,351475
2004,Total,M,65-69,308739
2004,Total,F,70-74,300645
2004,Total,M,70-74,246446
2004,Total,F,75-79,256047
2004,Total,M,75-79,186451
2004,Total,F,80-84,192253
2004,Total,M,80-84,121053
2004,Total,F,85+,171804
2004,Total,M,85+,74272
2005,Total,F,20-24,843505
2005,Total,M,20-24,903404
2005,Total,F,25-29,810798
2005,Total,M,25-29,831599
2005,Total,F,30-34,822980
2005,Total,M,30-34,832317
2005,Total,F,35-39,808021
2005,Total,M,35-39,814427
2005,Total,F,40-44,859708
2005,Total,M,40-44,854464
2005,Total,F,45-49,826714
2005,Total,M,45-49,821256
2005,Total,F,50-54,726764
2005,Total,M,50-54,703036
2005,Total,F,55-59,615699
2005,Total,M,55-59,585006
2005,Total,F,60-64,458321
2005,Total,M,60-64,423900
2005,Total,F,65-69,358583
2005,Total,M,65-69,316504
2005,Total,F,70-74,303803
2005,Total,M,70-74,251494
2005,Total,F,75-79,259524
2005,Total,M,75-79,191166
2005,Total,F,80-84,196550
2005,Total,M,80-84,124310
2005,Total,F,85+,177125
2005,Total,M,85+,78755
2006,Total,F,20-24,851616
2006,Total,M,20-24,912078
2006,Total,F,25-29,845320
2006,Total,M,25-29,859198
2006,Total,F,30-34,824461
2006,Total,M,30-34,832898
2006,Total,F,35-39,837317
2006,Total,M,35-39,835581
2006,Total,F,40-44,856934
2006,Total,M,40-44,850455
2006,Total,F,45-49,849988
2006,Total,M,45-49,843598
2006,Total,F,50-54,755537
2006,Total,M,50-54,731308
2006,Total,F,55-59,655562
2006,Total,M,55-59,620616
2006,Total,F,60-64,477575
2006,Total,M,60-64,442934
2006,Total,F,65-69,374167
2006,Total,M,65-69,330797
2006,Total,F,70-74,311276
2006,Total,M,70-74,257672
2006,Total,F,75-79,262961
2006,Total,M,75-79,196521
2006,Total,F,80-84,201315
2006,Total,M,80-84,128474
2006,Total,F,85+,182870
2006,Total,M,85+,83598
2007,Total,F,20-24,854063
2007,Total,M,20-24,912078
2007,Total,F,25-29,871577
2007,Total,M,25-29,886786
2007,Total,F,30-34,831034
2007,Total,M,30-34,836572
2007,Total,F,35-39,861877
2007,Total,M,35-39,856728
2007,Total,F,40-44,847886
2007,Total,M,40-44,843415
2007,Total,F,45-49,861714
2007,Total,M,45-49,855251
2007,Total,F,50-54,786113
2007,Total,M,50-54,761793
2007,Total,F,55-59,666115
2007,Total,M,55-59,629158
2007,Total,F,60-64,520691
2007,Total,M,60-64,484166
2007,Total,F,65-69,389787
2007,Total,M,65-69,346709
2007,Total,F,70-74,315323
2007,Total,M,70-74,262639
2007,Total,F,75-79,263573
2007,Total,M,75-79,199029
2007,Total,F,80-84,203488
2007,Total,M,80-84,131143
2007,Total,F,85+,188210
2007,Total,M,85+,88196
2008,Total,F,20-24,862114
2008,Total,M,20-24,915520
2008,Total,F,25-29,895746
2008,Total,M,25-29,914368
2008,Total,F,30-34,839275
2008,Total,M,30-34,846513
2008,Total,F,35-39,878126
2008,Total,M,35-39,870224
2008,Total,F,40-44,840021
2008,Total,M,40-44,837059
2008,Total,F,45-49,873014
2008,Total,M,45-49,866060
2008,Total,F,50-54,810070
2008,Total,M,50-54,787240
2008,Total,F,55-59,687559
2008,Total,M,55-59,648713
2008,Total,F,60-64,551578
2008,Total,M,60-64,512040
2008,Total,F,65-69,411121
2008,Total,M,65-69,368206
2008,Total,F,70-74,322714
2008,Total,M,70-74,270591
2008,Total,F,75-79,264938
2008,Total,M,75-79,202056
2008,Total,F,80-84,205270
2008,Total,M,80-84,133381
2008,Total,F,85+,192848
2008,Total,M,85+,92863
2009,Total,F,20-24,874693
2009,Total,M,20-24,923165
2009,Total,F,25-29,910067
2009,Total,M,25-29,931677
2009,Total,F,30-34,859156
2009,Total,M,30-34,865169
2009,Total,F,35-39,886544
2009,Total,M,35-39,876816
2009,Total,F,40-44,840223
2009,Total,M,40-44,838307
2009,Total,F,45-49,884886
2009,Total,M,45-49,876029
2009,Total,F,50-54,830458
2009,Total,M,50-54,810065
2009,Total,F,55-59,712749
2009,Total,M,55-59,671711
2009,Total,F,60-64,582511
2009,Total,M,60-64,541181
2009,Total,F,65-69,433412
2009,Total,M,65-69,389015
2009,Total,F,70-74,330923
2009,Total,M,70-74,278900
2009,Total,F,75-79,266452
2009,Total,M,75-79,204914
2009,Total,F,80-84,206242
2009,Total,M,80-84,136120
2009,Total,F,85+,199210
2009,Total,M,85+,97557
2010,Total,F,20-24,890241
2010,Total,M,20-24,937299
2010,Total,F,25-29,916545
2010,Total,M,25-29,942138
2010,Total,F,30-34,883021
2010,Total,M,30-34,888917
2010,Total,F,35-39,886851
2010,Total,M,35-39,875388
2010,Total,F,40-44,852552
2010,Total,M,40-44,851006
2010,Total,F,45-49,883941
2010,Total,M,45-49,873715
2010,Total,F,50-54,850883
2010,Total,M,50-54,831687
2010,Total,F,55-59,737776
2010,Total,M,55-59,697477
2010,Total,F,60-64,616296
2010,Total,M,60-64,571994
2010,Total,F,65-69,453184
2010,Total,M,65-69,406625
2010,Total,F,70-74,337833
2010,Total,M,70-74,286487
2010,Total,F,75-79,269481
2010,Total,M,75-79,209255
2010,Total,F,80-84,209002
2010,Total,M,80-84,140254
2010,Total,F,85+,206264
2010,Total,M,85+,102364
2011,Total,F,20-24,913260
2011,Total,M,20-24,959348
2011,Total,F,25-29,926676
2011,Total,M,25-29,954747
2011,Total,F,30-34,906730
2011,Total,M,30-34,913592
2011,Total,F,35-39,879925
2011,Total,M,35-39,869122
2011,Total,F,40-44,876705
2011,Total,M,40-44,870932
2011,Total,F,45-49,873189
2011,Total,M,45-49,865062
2011,Total,F,50-54,866011
2011,Total,M,50-54,846543
2011,Total,F,55-59,761903
2011,Total,M,55-59,721435
2011,Total,F,60-64,649733
2011,Total,M,60-64,600647
2011,Total,F,65-69,468405
2011,Total,M,65-69,421555
2011,Total,F,70-74,349445
2011,Total,M,70-74,297763
2011,Total,F,75-79,274450
2011,Total,M,75-79,214109
2011,Total,F,80-84,211449
2011,Total,M,80-84,144143
2011,Total,F,85+,212997
2011,Total,M,85+,107554
2012,Total,F,20-24,937836
2012,Total,M,20-24,992082
2012,Total,F,25-29,935884
2012,Total,M,25-29,968918
2012,Total,F,30-34,930319
2012,Total,M,30-34,941374
2012,Total,F,35-39,882956
2012,Total,M,35-39,874197
2012,Total,F,40-44,897574
2012,Total,M,40-44,888878
2012,Total,F,45-49,863692
2012,Total,M,45-49,855895
2012,Total,F,50-54,874984
2012,Total,M,50-54,856434
2012,Total,F,55-59,789407
2012,Total,M,55-59,748250
2012,Total,F,60-64,657855
2012,Total,M,60-64,605828
2012,Total,F,65-69,509861
2012,Total,M,65-69,459648
2012,Total,F,70-74,364259
2012,Total,M,70-74,311419
2012,Total,F,75-79,279524
2012,Total,M,75-79,219199
2012,Total,F,80-84,214011
2012,Total,M,80-84,147746
2012,Total,F,85+,220046
2012,Total,M,85+,113160
2013,Total,F,20-24,953622
2013,Total,M,20-24,1012187
2013,Total,F,25-29,945812
2013,Total,M,25-29,981691
2013,Total,F,30-34,952345
2013,Total,M,30-34,967962
2013,Total,F,35-39,889916
2013,Total,M,35-39,885303
2013,Total,F,40-44,909515
2013,Total,M,40-44,897733
2013,Total,F,45-49,854510
2013,Total,M,45-49,848946
2013,Total,F,50-54,882416
2013,Total,M,50-54,862727
2013,Total,F,55-59,808759
2013,Total,M,55-59,769234
2013,Total,F,60-64,675181
2013,Total,M,60-64,620158
2013,Total,F,65-69,536280
2013,Total,M,65-69,483262
2013,Total,F,70-74,384971
2013,Total,M,70-74,330824
2013,Total,F,75-79,286679
2013,Total,M,75-79,226038
2013,Total,F,80-84,215690
2013,Total,M,80-84,150637
2013,Total,F,85+,225090
2013,Total,M,85+,117837
2014,Total,F,20-24,968836
2014,Total,M,20-24,1030777
2014,Total,F,25-29,967861
2014,Total,M,25-29,1007329
2014,Total,F,30-34,973900
2014,Total,M,30-34,991746
2014,Total,F,35-39,906248
2014,Total,M,35-39,906339
2014,Total,F,40-44,917289
2014,Total,M,40-44,904621
2014,Total,F,45-49,854582
2014,Total,M,45-49,849216
2014,Total,F,50-54,889379
2014,Total,M,50-54,868992
2014,Total,F,55-59,825921
2014,Total,M,55-59,788804
2014,Total,F,60-64,697576
2014,Total,M,60-64,639334
2014,Total,F,65-69,563539
2014,Total,M,65-69,507100
2014,Total,F,70-74,405818
2014,Total,M,70-74,348161
2014,Total,F,75-79,294449
2014,Total,M,75-79,233916
2014,Total,F,80-84,218044
2014,Total,M,80-84,153660
2014,Total,F,85+,231756
2014,Total,M,85+,123372
2015,Total,F,20-24,972381
2015,Total,M,20-24,1039674
2015,Total,F,25-29,995015
2015,Total,M,25-29,1036429
2015,Total,F,30-34,990160
2015,Total,M,30-34,1011023
2015,Total,F,35-39,932757
2015,Total,M,35-39,938145
2015,Total,F,40-44,919039
2015,Total,M,40-44,907690
2015,Total,F,45-49,870191
2015,Total,M,45-49,864722
2015,Total,F,50-54,887652
2015,Total,M,50-54,867011
2015,Total,F,55-59,843638
2015,Total,M,55-59,808392
2015,Total,F,60-64,722067
2015,Total,M,60-64,662807
2015,Total,F,65-69,593061
2015,Total,M,65-69,531766
2015,Total,F,70-74,424078
2015,Total,M,70-74,363805
2015,Total,F,75-79,302130
2015,Total,M,75-79,241065
2015,Total,F,80-84,221474
2015,Total,M,80-84,157656
2015,Total,F,85+,238771
2015,Total,M,85+,129297
2016,Total,F,20-24,968225
2016,Total,M,20-24,1036654
2016,Total,F,25-29,1020752
2016,Total,M,25-29,1062516
2016,Total,F,30-34,1003990
2016,Total,M,30-34,1030272
2016,Total,F,35-39,960515
2016,Total,M,35-39,967860
2016,Total,F,40-44,914438
2016,Total,M,40-44,905083
2016,Total,F,45-49,896268
2016,Total,M,45-49,887588
2016,Total,F,50-54,877540
2016,Total,M,50-54,859668
2016,Total,F,55-59,858068
2016,Total,M,55-59,822668
2016,Total,F,60-64,745269
2016,Total,M,60-64,685575
2016,Total,F,65-69,625419
2016,Total,M,65-69,557927
2016,Total,F,70-74,438128
2016,Total,M,70-74,376799
2016,Total,F,75-79,313265
2016,Total,M,75-79,250788
2016,Total,F,80-84,225736
2016,Total,M,80-84,161794
2016,Total,F,85+,244902
2016,Total,M,85+,134901
2017,Total,F,20-24,964350
2017,Total,M,20-24,1029992
2017,Total,F,25-29,1041654
2017,Total,M,25-29,1086419
2017,Total,F,30-34,1012789
2017,Total,M,30-34,1041670
2017,Total,F,35-39,983894
2017,Total,M,35-39,995197
2017,Total,F,40-44,917866
2017,Total,M,40-44,909691
2017,Total,F,45-49,915795
2017,Total,M,45-49,905847
2017,Total,F,50-54,866470
2017,Total,M,50-54,850302
2017,Total,F,55-59,865262
2017,Total,M,55-59,830627
2017,Total,F,60-64,770093
2017,Total,M,60-64,709210
2017,Total,F,65-69,631725
2017,Total,M,65-69,560728
2017,Total,F,70-74,477445
2017,Total,M,70-74,412171
2017,Total,F,75-79,326732
2017,Total,M,75-79,262609
2017,Total,F,80-84,230352
2017,Total,M,80-84,165768
2017,Total,F,85+,250089
2017,Total,M,85+,140162
2018,Total,F,20-24,965785
2018,Total,M,20-24,1025731
2018,Total,F,25-29,1053465
2018,Total,M,25-29,1100553
2018,Total,F,30-34,1019657
2018,Total,M,30-34,1051514
2018,Total,F,35-39,1006697
2018,Total,M,35-39,1020328
2018,Total,F,40-44,925216
2018,Total,M,40-44,921420
2018,Total,F,45-49,928410
2018,Total,M,45-49,914260
2018,Total,F,50-54,858076
2018,Total,M,50-54,844104
2018,Total,F,55-59,872572
2018,Total,M,55-59,837026
2018,Total,F,60-64,788683
2018,Total,M,60-64,729231
2018,Total,F,65-69,649008
2018,Total,M,65-69,573767
2018,Total,F,70-74,502340
2018,Total,M,70-74,433968
2018,Total,F,75-79,346050
2018,Total,M,75-79,279564
2018,Total,F,80-84,236605
2018,Total,M,80-84,171617
2018,Total,F,85+,254628
2018,Total,M,85+,144683
2019,Total,F,20-24,972342
2019,Total,M,20-24,1030183
2019,Total,F,25-29,1061442
2019,Total,M,25-29,1110855
2019,Total,F,30-34,1035196
2019,Total,M,30-34,1069270
2019,Total,F,35-39,1024702
2019,Total,M,35-39,1040150
2019,Total,F,40-44,938809
2019,Total,M,40-44,938778
2019,Total,F,45-49,934150
2019,Total,M,45-49,919257
2019,Total,F,50-54,857158
2019,Total,M,50-54,843533
2019,Total,F,55-59,878614
2019,Total,M,55-59,843231
2019,Total,F,60-64,805063
2019,Total,M,60-64,748334
2019,Total,F,65-69,670175
2019,Total,M,65-69,590967
2019,Total,F,70-74,527882
2019,Total,M,70-74,456004
2019,Total,F,75-79,364846
2019,Total,M,75-79,294498
2019,Total,F,80-84,243255
2019,Total,M,80-84,178143
2019,Total,F,85+,258904
2019,Total,M,85+,149555
1999,AI,F,20-24,2671
1999,API,F,20-24,23075
1999,B,F,20-24,91296
1999,W,F,20-24,326597
1999,AI,M,20-24,2842
1999,API,M,20-24,24694
1999,B,M,20-24,89382
1999,W,M,20-24,335238
1999,AI,F,25-29,2823
1999,API,F,25-29,29734
1999,B,F,25-29,97144
1999,W,F,25-29,362288
1999,AI,M,25-29,3099
1999,API,M,25-29,31389
1999,B,M,25-29,91021
1999,W,M,25-29,367517
1999,AI,F,30-34,2803
1999,API,F,30-34,28192
1999,B,F,30-34,98842
1999,W,F,30-34,383140
1999,AI,M,30-34,2822
1999,API,M,30-34,29340
1999,B,M,30-34,91631
1999,W,M,30-34,387678
1999,AI,F,35-39,3667
1999,API,F,35-39,26620
1999,B,F,35-39,107449
1999,W,F,35-39,464920
1999,AI,M,35-39,3414
1999,API,M,35-39,26702
1999,B,M,35-39,98157
1999,W,M,35-39,465512
1999,AI,F,40-44,3580
1999,API,F,40-44,25586
1999,B,F,40-44,98752
1999,W,F,40-44,467335
1999,AI,M,40-44,3353
1999,API,M,40-44,22919
1999,B,M,40-44,92111
1999,W,M,40-44,471630
1999,AI,F,45-49,3038
1999,API,F,45-49,22418
1999,B,F,45-49,80781
1999,W,F,45-49,422771
1999,AI,M,45-49,3031
1999,API,M,45-49,19528
1999,B,M,45-49,73419
1999,W,M,45-49,420871
1999,AI,F,50-54,2652
1999,API,F,50-54,17119
1999,B,F,50-54,60039
1999,W,F,50-54,373884
1999,AI,M,50-54,2477
1999,API,M,50-54,15268
1999,B,M,50-54,52712
1999,W,M,50-54,369749
1999,AI,F,55-59,1765
1999,API,F,55-59,10822
1999,B,F,55-59,43562
1999,W,F,55-59,295919
1999,AI,M,55-59,1911
1999,API,M,55-59,10168
1999,B,M,55-59,36904
1999,W,M,55-59,287975
1999,AI,F,60-64,1166
1999,API,F,60-64,7916
1999,B,F,60-64,35582
1999,W,F,60-64,243242
1999,AI,M,60-64,1249
1999,API,M,60-64,6921
1999,B,M,60-64,28825
1999,W,M,60-64,229351
1999,AI,F,65-69,809
1999,API,F,65-69,6068
1999,B,F,65-69,31654
1999,W,F,65-69,222632
1999,AI,M,65-69,831
1999,API,M,65-69,4785
1999,B,M,65-69,24165
1999,W,M,65-69,199856
1999,AI,F,70-74,622
1999,API,F,70-74,4276
1999,B,F,70-74,26732
1999,W,F,70-74,211770
1999,AI,M,70-74,552
1999,API,M,70-74,3047
1999,B,M,70-74,17752
1999,W,M,70-74,170974
1999,AI,F,75-79,402
1999,API,F,75-79,2573
1999,B,F,75-79,20262
1999,W,F,75-79,184249
1999,AI,M,75-79,294
1999,API,M,75-79,1882
1999,B,M,75-79,12735
1999,W,M,75-79,129908
1999,AI,F,80-84,247
1999,API,F,80-84,1346
1999,B,F,80-84,13763
1999,W,F,80-84,131728
1999,AI,M,80-84,139
1999,API,M,80-84,920
1999,B,M,80-84,6965
1999,W,M,80-84,77258
1999,AI,F,85+,204
1999,API,F,85+,902
1999,B,F,85+,15214
1999,W,F,85+,131739
1999,AI,M,85+,69
1999,API,M,85+,556
1999,B,M,85+,5943
1999,W,M,85+,49754
2000,AI,F,20-24,2896
2000,API,F,20-24,24389
2000,B,F,20-24,94938
2000,W,F,20-24,336271
2000,AI,M,20-24,3110
2000,API,M,20-24,25984
2000,B,M,20-24,92732
2000,W,M,20-24,342887
2000,AI,F,25-29,2886
2000,API,F,25-29,32458
2000,B,F,25-29,96676
2000,W,F,25-29,352377
2000,AI,M,25-29,3091
2000,API,M,25-29,32476
2000,B,M,25-29,90948
2000,W,M,25-29,358360
2000,AI,F,30-34,2898
2000,API,F,30-34,31151
2000,B,F,30-34,97651
2000,W,F,30-34,375784
2000,AI,M,30-34,2975
2000,API,M,30-34,31043
2000,B,M,30-34,90692
2000,W,M,30-34,383424
2000,AI,F,35-39,3661
2000,API,F,35-39,27942
2000,B,F,35-39,107328
2000,W,F,35-39,450657
2000,AI,M,35-39,3430
2000,API,M,35-39,28153
2000,B,M,35-39,97766
2000,W,M,35-39,450942
2000,AI,F,40-44,3774
2000,API,F,40-44,26795
2000,B,F,40-44,101344
2000,W,F,40-44,471210
2000,AI,M,40-44,3561
2000,API,M,40-44,24321
2000,B,M,40-44,94686
2000,W,M,40-44,475307
2000,AI,F,45-49,3311
2000,API,F,45-49,23868
2000,B,F,45-49,84483
2000,W,F,45-49,434028
2000,AI,M,45-49,3237
2000,API,M,45-49,20945
2000,B,M,45-49,77045
2000,W,M,45-49,432612
2000,AI,F,50-54,2939
2000,API,F,50-54,19256
2000,B,F,50-54,64651
2000,W,F,50-54,388793
2000,AI,M,50-54,2782
2000,API,M,50-54,16888
2000,B,M,50-54,57547
2000,W,M,50-54,385033
2000,AI,F,55-59,1925
2000,API,F,55-59,12057
2000,B,F,55-59,45477
2000,W,F,55-59,306528
2000,AI,M,55-59,2097
2000,API,M,55-59,11304
2000,B,M,55-59,38697
2000,W,M,55-59,298786
2000,AI,F,60-64,1272
2000,API,F,60-64,8689
2000,B,F,60-64,36246
2000,W,F,60-64,245381
2000,AI,M,60-64,1403
2000,API,M,60-64,7698
2000,B,M,60-64,29434
2000,W,M,60-64,232016
2000,AI,F,65-69,893
2000,API,F,65-69,6488
2000,B,F,65-69,31857
2000,W,F,65-69,222337
2000,AI,M,65-69,892
2000,API,M,65-69,5251
2000,B,M,65-69,24308
2000,W,M,65-69,200326
2000,AI,F,70-74,661
2000,API,F,70-74,4767
2000,B,F,70-74,27155
2000,W,F,70-74,209594
2000,AI,M,70-74,630
2000,API,M,70-74,3371
2000,B,M,70-74,18277
2000,W,M,70-74,171798
2000,AI,F,75-79,455
2000,API,F,75-79,2880
2000,B,F,75-79,20521
2000,W,F,75-79,186174
2000,AI,M,75-79,358
2000,API,M,75-79,2104
2000,B,M,75-79,12845
2000,W,M,75-79,132308
2000,AI,F,80-84,285
2000,API,F,80-84,1560
2000,B,F,80-84,13867
2000,W,F,80-84,131850
2000,AI,M,80-84,185
2000,API,M,80-84,1045
2000,B,M,80-84,7220
2000,W,M,80-84,78861
2000,AI,F,85+,277
2000,API,F,85+,1091
2000,B,F,85+,15222
2000,W,F,85+,133641
2000,AI,M,85+,112
2000,API,M,85+,655
2000,B,M,85+,5860
2000,W,M,85+,51540
2001,AI,F,20-24,3108
2001,API,F,20-24,26545
2001,B,F,20-24,99423
2001,W,F,20-24,348860
2001,AI,M,20-24,3284
2001,API,M,20-24,27790
2001,B,M,20-24,97286
2001,W,M,20-24,353749
2001,AI,F,25-29,2856
2001,API,F,25-29,34173
2001,B,F,25-29,95247
2001,W,F,25-29,338219
2001,AI,M,25-29,3036
2001,API,M,25-29,33998
2001,B,M,25-29,88802
2001,W,M,25-29,343839
2001,AI,F,30-34,2971
2001,API,F,30-34,33761
2001,B,F,30-34,99422
2001,W,F,30-34,380041
2001,AI,M,30-34,3022
2001,API,M,30-34,33279
2001,B,M,30-34,91542
2001,W,M,30-34,387962
2001,AI,F,35-39,3505
2001,API,F,35-39,29632
2001,B,F,35-39,106401
2001,W,F,35-39,431663
2001,AI,M,35-39,3371
2001,API,M,35-39,29797
2001,B,M,35-39,97152
2001,W,M,35-39,431968
2001,AI,F,40-44,3871
2001,API,F,40-44,27680
2001,B,F,40-44,104110
2001,W,F,40-44,474274
2001,AI,M,40-44,3554
2001,API,M,40-44,25498
2001,B,M,40-44,96813
2001,W,M,40-44,477950
2001,AI,F,45-49,3490
2001,API,F,45-49,25155
2001,B,F,45-49,87925
2001,W,F,45-49,442936
2001,AI,M,45-49,3335
2001,API,M,45-49,22364
2001,B,M,45-49,80664
2001,W,M,45-49,441883
2001,AI,F,50-54,3120
2001,API,F,50-54,21198
2001,B,F,50-54,70365
2001,W,F,50-54,406805
2001,AI,M,50-54,3019
2001,API,M,50-54,18297
2001,B,M,50-54,62814
2001,W,M,50-54,402208
2001,AI,F,55-59,2043
2001,API,F,55-59,13310
2001,B,F,55-59,47186
2001,W,F,55-59,312954
2001,AI,M,55-59,2197
2001,API,M,55-59,12319
2001,B,M,55-59,40492
2001,W,M,55-59,306121
2001,AI,F,60-64,1350
2001,API,F,60-64,9341
2001,B,F,60-64,37422
2001,W,F,60-64,252100
2001,AI,M,60-64,1495
2001,API,M,60-64,8530
2001,B,M,60-64,30397
2001,W,M,60-64,238499
2001,AI,F,65-69,932
2001,API,F,65-69,6982
2001,B,F,65-69,32364
2001,W,F,65-69,222940
2001,AI,M,65-69,967
2001,API,M,65-69,5688
2001,B,M,65-69,24793
2001,W,M,65-69,201431
2001,AI,F,70-74,673
2001,API,F,70-74,5207
2001,B,F,70-74,27087
2001,W,F,70-74,207853
2001,AI,M,70-74,654
2001,API,M,70-74,3748
2001,B,M,70-74,18481
2001,W,M,70-74,173200
2001,AI,F,75-79,481
2001,API,F,75-79,3232
2001,B,F,75-79,21206
2001,W,F,75-79,185514
2001,AI,M,75-79,371
2001,API,M,75-79,2211
2001,B,M,75-79,12941
2001,W,M,75-79,133371
2001,AI,F,80-84,306
2001,API,F,80-84,1682
2001,B,F,80-84,13944
2001,W,F,80-84,135119
2001,AI,M,80-84,189
2001,API,M,80-84,1200
2001,B,M,80-84,7459
2001,W,M,80-84,82119
2001,AI,F,85+,269
2001,API,F,85+,1201
2001,B,F,85+,14709
2001,W,F,85+,132728
2001,AI,M,85+,113
2001,API,M,85+,713
2001,B,M,85+,5538
2001,W,M,85+,52126
2002,AI,F,20-24,3264
2002,API,F,20-24,28360
2002,B,F,20-24,103085
2002,W,F,20-24,357438
2002,AI,M,20-24,3391
2002,API,M,20-24,29503
2002,B,M,20-24,101427
2002,W,M,20-24,363755
2002,AI,F,25-29,2838
2002,API,F,25-29,35621
2002,B,F,25-29,94860
2002,W,F,25-29,332195
2002,AI,M,25-29,2923
2002,API,M,25-29,35392
2002,B,M,25-29,87525
2002,W,M,25-29,334956
2002,AI,F,30-34,3009
2002,API,F,30-34,36679
2002,B,F,30-34,100894
2002,W,F,30-34,379676
2002,AI,M,30-34,3132
2002,API,M,30-34,35884
2002,B,M,30-34,92763
2002,W,M,30-34,388011
2002,AI,F,35-39,3358
2002,API,F,35-39,31217
2002,B,F,35-39,105021
2002,W,F,35-39,411528
2002,AI,M,35-39,3189
2002,API,M,35-39,31102
2002,B,M,35-39,95869
2002,W,M,35-39,413474
2002,AI,F,40-44,3832
2002,API,F,40-44,28678
2002,B,F,40-44,105862
2002,W,F,40-44,470706
2002,AI,M,40-44,3547
2002,API,M,40-44,26917
2002,B,M,40-44,97519
2002,W,M,40-44,473320
2002,AI,F,45-49,3669
2002,API,F,45-49,26473
2002,B,F,45-49,91805
2002,W,F,45-49,453862
2002,AI,M,45-49,3398
2002,API,M,45-49,23690
2002,B,M,45-49,85051
2002,W,M,45-49,451930
2002,AI,F,50-54,3108
2002,API,F,50-54,22743
2002,B,F,50-54,74022
2002,W,F,50-54,403167
2002,AI,M,50-54,3056
2002,API,M,50-54,19519
2002,B,M,50-54,66159
2002,W,M,50-54,397517
2002,AI,F,55-59,2308
2002,API,F,55-59,14935
2002,B,F,55-59,50794
2002,W,F,55-59,340076
2002,AI,M,55-59,2362
2002,API,M,55-59,13593
2002,B,M,55-59,43691
2002,W,M,55-59,333198
2002,AI,F,60-64,1497
2002,API,F,60-64,10166
2002,B,F,60-64,38413
2002,W,F,60-64,261830
2002,AI,M,60-64,1627
2002,API,M,60-64,9228
2002,B,M,60-64,31745
2002,W,M,60-64,248615
2002,AI,F,65-69,965
2002,API,F,65-69,7553
2002,B,F,65-69,32983
2002,W,F,65-69,223710
2002,AI,M,65-69,1048
2002,API,M,65-69,6293
2002,B,M,65-69,25063
2002,W,M,65-69,203225
2002,AI,F,70-74,708
2002,API,F,70-74,5561
2002,B,F,70-74,27346
2002,W,F,70-74,205877
2002,AI,M,70-74,678
2002,API,M,70-74,4185
2002,B,M,70-74,18834
2002,W,M,70-74,173516
2002,AI,F,75-79,521
2002,API,F,75-79,3563
2002,B,F,75-79,21394
2002,W,F,75-79,184652
2002,AI,M,75-79,394
2002,API,M,75-79,2338
2002,B,M,75-79,12905
2002,W,M,75-79,134421
2002,AI,F,80-84,323
2002,API,F,80-84,1817
2002,B,F,80-84,14140
2002,W,F,80-84,138598
2002,AI,M,80-84,221
2002,API,M,80-84,1353
2002,B,M,80-84,7685
2002,W,M,80-84,85604
2002,AI,F,85+,276
2002,API,F,85+,1326
2002,B,F,85+,14349
2002,W,F,85+,132202
2002,AI,M,85+,120
2002,API,M,85+,769
2002,B,M,85+,5319
2002,W,M,85+,53033
2003,AI,F,20-24,3394
2003,API,F,20-24,29682
2003,B,F,20-24,105525
2003,W,F,20-24,363632
2003,AI,M,20-24,3462
2003,API,M,20-24,30799
2003,B,M,20-24,103489
2003,W,M,20-24,366891
2003,AI,F,25-29,2805
2003,API,F,25-29,36621
2003,B,F,25-29,94696
2003,W,F,25-29,329278
2003,AI,M,25-29,2849
2003,API,M,25-29,35997
2003,B,M,25-29,85908
2003,W,M,25-29,328861
2003,AI,F,30-34,3026
2003,API,F,30-34,39061
2003,B,F,30-34,101616
2003,W,F,30-34,374878
2003,AI,M,30-34,3156
2003,API,M,30-34,37600
2003,B,M,30-34,92717
2003,W,M,30-34,380699
2003,AI,F,35-39,3233
2003,API,F,35-39,32768
2003,B,F,35-39,103373
2003,W,F,35-39,392361
2003,AI,M,35-39,2978
2003,API,M,35-39,32309
2003,B,M,35-39,94065
2003,W,M,35-39,394994
2003,AI,F,40-44,3771
2003,API,F,40-44,30012
2003,B,F,40-44,107467
2003,W,F,40-44,466381
2003,AI,M,40-44,3522
2003,API,M,40-44,28563
2003,B,M,40-44,98440
2003,W,M,40-44,466694
2003,AI,F,45-49,3873
2003,API,F,45-49,27546
2003,B,F,45-49,95623
2003,W,F,45-49,460542
2003,AI,M,45-49,3586
2003,API,M,45-49,24920
2003,B,M,45-49,88489
2003,W,M,45-49,458752
2003,AI,F,50-54,3176
2003,API,F,50-54,24147
2003,B,F,50-54,77706
2003,W,F,50-54,410401
2003,AI,M,50-54,3078
2003,API,M,50-54,20650
2003,B,M,50-54,69733
2003,W,M,50-54,404048
2003,AI,F,55-59,2451
2003,API,F,55-59,16904
2003,B,F,55-59,54689
2003,W,F,55-59,353950
2003,AI,M,55-59,2476
2003,API,M,55-59,14922
2003,B,M,55-59,47094
2003,W,M,55-59,347013
2003,AI,F,60-64,1615
2003,API,F,60-64,11093
2003,B,F,60-64,40125
2003,W,F,60-64,275246
2003,AI,M,60-64,1788
2003,API,M,60-64,10193
2003,B,M,60-64,33564
2003,W,M,60-64,262363
2003,AI,F,65-69,1034
2003,API,F,65-69,8031
2003,B,F,65-69,33135
2003,W,F,65-69,227606
2003,AI,M,65-69,1151
2003,API,M,65-69,6894
2003,B,M,65-69,25396
2003,W,M,65-69,207071
2003,AI,F,70-74,759
2003,API,F,70-74,6048
2003,B,F,70-74,28032
2003,W,F,70-74,205110
2003,AI,M,70-74,694
2003,API,M,70-74,4558
2003,B,M,70-74,19332
2003,W,M,70-74,174108
2003,AI,F,75-79,520
2003,API,F,75-79,3887
2003,B,F,75-79,21677
2003,W,F,75-79,183580
2003,AI,M,75-79,398
2003,API,M,75-79,2528
2003,B,M,75-79,13085
2003,W,M,75-79,135466
2003,AI,F,80-84,339
2003,API,F,80-84,2051
2003,B,F,80-84,14370
2003,W,F,80-84,140756
2003,AI,M,80-84,240
2003,API,M,80-84,1497
2003,B,M,80-84,7793
2003,W,M,80-84,88192
2003,AI,F,85+,286
2003,API,F,85+,1446
2003,B,F,85+,14243
2003,W,F,85+,133330
2003,AI,M,85+,133
2003,API,M,85+,849
2003,B,M,85+,5237
2003,W,M,85+,54928
2004,AI,F,20-24,3436
2004,API,F,20-24,30376
2004,B,F,20-24,105978
2004,W,F,20-24,365917
2004,AI,M,20-24,3445
2004,API,M,20-24,31345
2004,B,M,20-24,105763
2004,W,M,20-24,371694
2004,AI,F,25-29,2934
2004,API,F,25-29,37850
2004,B,F,25-29,96802
2004,W,F,25-29,333356
2004,AI,M,25-29,2907
2004,API,M,25-29,36698
2004,B,M,25-29,87550
2004,W,M,25-29,331019
2004,AI,F,30-34,2926
2004,API,F,30-34,40646
2004,B,F,30-34,102248
2004,W,F,30-34,365010
2004,AI,M,30-34,3081
2004,API,M,30-34,38796
2004,B,M,30-34,93182
2004,W,M,30-34,372074
2004,AI,F,35-39,3137
2004,API,F,35-39,34712
2004,B,F,35-39,101642
2004,W,F,35-39,379681
2004,AI,M,35-39,2931
2004,API,M,35-39,33845
2004,B,M,35-39,93049
2004,W,M,35-39,384332
2004,AI,F,40-44,3859
2004,API,F,40-44,31418
2004,B,F,40-44,108598
2004,W,F,40-44,461378
2004,AI,M,40-44,3556
2004,API,M,40-44,30436
2004,B,M,40-44,99112
2004,W,M,40-44,459889
2004,AI,F,45-49,3890
2004,API,F,45-49,28744
2004,B,F,45-49,99083
2004,W,F,45-49,463409
2004,AI,M,45-49,3598
2004,API,M,45-49,26013
2004,B,M,45-49,91808
2004,W,M,45-49,463464
2004,AI,F,50-54,3316
2004,API,F,50-54,25284
2004,B,F,50-54,81453
2004,W,F,50-54,420416
2004,AI,M,50-54,3142
2004,API,M,50-54,21757
2004,B,M,50-54,73253
2004,W,M,50-54,412917
2004,AI,F,55-59,2620
2004,API,F,55-59,18884
2004,B,F,55-59,59287
2004,W,F,55-59,368019
2004,AI,M,55-59,2636
2004,API,M,55-59,16354
2004,B,M,55-59,51361
2004,W,M,55-59,359792
2004,AI,F,60-64,1733
2004,API,F,60-64,12088
2004,B,F,60-64,42186
2004,W,F,60-64,287786
2004,AI,M,60-64,1952
2004,API,M,60-64,11181
2004,B,M,60-64,34919
2004,W,M,60-64,275315
2004,AI,F,65-69,1117
2004,API,F,65-69,8770
2004,B,F,65-69,33672
2004,W,F,65-69,232365
2004,AI,M,65-69,1194
2004,API,M,65-69,7567
2004,B,M,65-69,25920
2004,W,M,65-69,212319
2004,AI,F,70-74,794
2004,API,F,70-74,6404
2004,B,F,70-74,27981
2004,W,F,70-74,204560
2004,AI,M,70-74,707
2004,API,M,70-74,4988
2004,B,M,70-74,19962
2004,W,M,70-74,174155
2004,AI,F,75-79,556
2004,API,F,75-79,4204
2004,B,F,75-79,22182
2004,W,F,75-79,181399
2004,AI,M,75-79,447
2004,API,M,75-79,2803
2004,B,M,75-79,13289
2004,W,M,75-79,136538
2004,AI,F,80-84,357
2004,API,F,80-84,2343
2004,B,F,80-84,14711
2004,W,F,80-84,144476
2004,AI,M,80-84,254
2004,API,M,80-84,1662
2004,B,M,80-84,7956
2004,W,M,80-84,90932
2004,AI,F,85+,289
2004,API,F,85+,1539
2004,B,F,85+,14217
2004,W,F,85+,133768
2004,AI,M,85+,139
2004,API,M,85+,902
2004,B,M,85+,5189
2004,W,M,85+,56789
2005,AI,F,20-24,3524
2005,API,F,20-24,30755
2005,B,F,20-24,106417
2005,W,F,20-24,364094
2005,AI,M,20-24,3433
2005,API,M,20-24,31983
2005,B,M,20-24,107878
2005,W,M,20-24,373249
2005,AI,F,25-29,2913
2005,API,F,25-29,39080
2005,B,F,25-29,100119
2005,W,F,25-29,340326
2005,AI,M,25-29,2966
2005,API,M,25-29,37717
2005,B,M,25-29,90678
2005,W,M,25-29,337630
2005,AI,F,30-34,2906
2005,API,F,30-34,42145
2005,B,F,30-34,101225
2005,W,F,30-34,353461
2005,AI,M,30-34,3009
2005,API,M,30-34,39874
2005,B,M,30-34,92923
2005,W,M,30-34,359926
2005,AI,F,35-39,3111
2005,API,F,35-39,37542
2005,B,F,35-39,101540
2005,W,F,35-39,376381
2005,AI,M,35-39,2903
2005,API,M,35-39,35960
2005,B,M,35-39,93189
2005,W,M,35-39,383153
2005,AI,F,40-44,3812
2005,API,F,40-44,32568
2005,B,F,40-44,109408
2005,W,F,40-44,448300
2005,AI,M,40-44,3463
2005,API,M,40-44,32042
2005,B,M,40-44,99133
2005,W,M,40-44,445998
2005,AI,F,45-49,3937
2005,API,F,45-49,30008
2005,B,F,45-49,101815
2005,W,F,45-49,466080
2005,AI,M,45-49,3642
2005,API,M,45-49,27339
2005,B,M,45-49,94587
2005,W,M,45-49,466656
2005,AI,F,50-54,3373
2005,API,F,50-54,26501
2005,B,F,50-54,85197
2005,W,F,50-54,431297
2005,AI,M,50-54,3320
2005,API,M,50-54,22818
2005,B,M,50-54,76964
2005,W,M,50-54,424172
2005,AI,F,55-59,2845
2005,API,F,55-59,21069
2005,B,F,55-59,64368
2005,W,F,55-59,384054
2005,AI,M,55-59,2743
2005,API,M,55-59,18138
2005,B,M,55-59,56290
2005,W,M,55-59,375225
2005,AI,F,60-64,1830
2005,API,F,60-64,13477
2005,B,F,60-64,44321
2005,W,F,60-64,299020
2005,AI,M,60-64,1985
2005,API,M,60-64,12185
2005,B,M,60-64,36685
2005,W,M,60-64,285774
2005,AI,F,65-69,1186
2005,API,F,65-69,9591
2005,B,F,65-69,34398
2005,W,F,65-69,235993
2005,AI,M,65-69,1303
2005,API,M,65-69,8317
2005,B,M,65-69,26520
2005,W,M,65-69,216420
2005,AI,F,70-74,809
2005,API,F,70-74,6741
2005,B,F,70-74,28339
2005,W,F,70-74,205271
2005,AI,M,70-74,770
2005,API,M,70-74,5510
2005,B,M,70-74,20475
2005,W,M,70-74,176157
2005,AI,F,75-79,593
2005,API,F,75-79,4698
2005,B,F,75-79,22794
2005,W,F,75-79,181688
2005,AI,M,75-79,481
2005,API,M,75-79,3160
2005,B,M,75-79,13461
2005,W,M,75-79,139095
2005,AI,F,80-84,385
2005,API,F,80-84,2545
2005,B,F,80-84,15009
2005,W,F,80-84,146285
2005,AI,M,80-84,280
2005,API,M,80-84,1772
2005,B,M,80-84,8179
2005,W,M,80-84,92807
2005,AI,F,85+,304
2005,API,F,85+,1713
2005,B,F,85+,14439
2005,W,F,85+,136913
2005,AI,M,85+,155
2005,API,M,85+,1016
2005,B,M,85+,5368
2005,W,M,85+,60020
2006,AI,F,20-24,3474
2006,API,F,20-24,31471
2006,B,F,20-24,111938
2006,W,F,20-24,361889
2006,AI,M,20-24,3414
2006,API,M,20-24,33129
2006,B,M,20-24,112611
2006,W,M,20-24,373984
2006,AI,F,25-29,2999
2006,API,F,25-29,40970
2006,B,F,25-29,108757
2006,W,F,25-29,353150
2006,AI,M,25-29,3060
2006,API,M,25-29,38622
2006,B,M,25-29,96954
2006,W,M,25-29,347924
2006,AI,F,30-34,2822
2006,API,F,30-34,43982
2006,B,F,30-34,104329
2006,W,F,30-34,341309
2006,AI,M,30-34,2908
2006,API,M,30-34,40937
2006,B,M,30-34,94067
2006,W,M,30-34,348558
2006,AI,F,35-39,3194
2006,API,F,35-39,40821
2006,B,F,35-39,106772
2006,W,F,35-39,382401
2006,AI,M,35-39,2961
2006,API,M,35-39,38405
2006,B,M,35-39,96390
2006,W,M,35-39,388239
2006,AI,F,40-44,3702
2006,API,F,40-44,34666
2006,B,F,40-44,112079
2006,W,F,40-44,432036
2006,AI,M,40-44,3474
2006,API,M,40-44,34091
2006,B,M,40-44,101044
2006,W,M,40-44,429147
2006,AI,F,45-49,4094
2006,API,F,45-49,31257
2006,B,F,45-49,107907
2006,W,F,45-49,470478
2006,AI,M,45-49,3681
2006,API,M,45-49,28859
2006,B,M,45-49,98978
2006,W,M,45-49,471314
2006,AI,F,50-54,3503
2006,API,F,50-54,28009
2006,B,F,50-54,91369
2006,W,F,50-54,442139
2006,AI,M,50-54,3391
2006,API,M,50-54,24404
2006,B,M,50-54,82747
2006,W,M,50-54,434910
2006,AI,F,55-59,3041
2006,API,F,55-59,23319
2006,B,F,55-59,72104
2006,W,F,55-59,403892
2006,AI,M,55-59,2949
2006,API,M,55-59,19743
2006,B,M,55-59,62323
2006,W,M,55-59,393124
2006,AI,F,60-64,1921
2006,API,F,60-64,14931
2006,B,F,60-64,47286
2006,W,F,60-64,306679
2006,AI,M,60-64,2096
2006,API,M,60-64,13343
2006,B,M,60-64,39129
2006,W,M,60-64,294380
2006,AI,F,65-69,1259
2006,API,F,65-69,10420
2006,B,F,65-69,36755
2006,W,F,65-69,244820
2006,AI,M,65-69,1362
2006,API,M,65-69,9294
2006,B,M,65-69,28181
2006,W,M,65-69,224767
2006,AI,F,70-74,846
2006,API,F,70-74,7386
2006,B,F,70-74,29594
2006,W,F,70-74,207953
2006,AI,M,70-74,828
2006,API,M,70-74,6065
2006,B,M,70-74,21161
2006,W,M,70-74,179035
2006,AI,F,75-79,607
2006,API,F,75-79,5126
2006,B,F,75-79,23412
2006,W,F,75-79,182395
2006,AI,M,75-79,522
2006,API,M,75-79,3539
2006,B,M,75-79,14022
2006,W,M,75-79,142164
2006,AI,F,80-84,397
2006,API,F,80-84,2870
2006,B,F,80-84,15911
2006,W,F,80-84,147637
2006,AI,M,80-84,285
2006,API,M,80-84,1951
2006,B,M,80-84,8503
2006,W,M,80-84,95118
2006,AI,F,85+,328
2006,API,F,85+,1889
2006,B,F,85+,14928
2006,W,F,85+,140543
2006,AI,M,85+,166
2006,API,M,85+,1141
2006,B,M,85+,5738
2006,W,M,85+,63447
2007,AI,F,20-24,3385
2007,API,F,20-24,32364
2007,B,F,20-24,111578
2007,W,F,20-24,359453
2007,AI,M,20-24,3421
2007,API,M,20-24,34071
2007,B,M,20-24,112124
2007,W,M,20-24,371365
2007,AI,F,25-29,3125
2007,API,F,25-29,42596
2007,B,F,25-29,111263
2007,W,F,25-29,363650
2007,AI,M,25-29,3096
2007,API,M,25-29,39987
2007,B,M,25-29,100547
2007,W,M,25-29,359098
2007,AI,F,30-34,2807
2007,API,F,30-34,45352
2007,B,F,30-34,104458
2007,W,F,30-34,337552
2007,AI,M,30-34,2797
2007,API,M,30-34,42001
2007,B,M,30-34,93813
2007,W,M,30-34,343046
2007,AI,F,35-39,3291
2007,API,F,35-39,44447
2007,B,F,35-39,108957
2007,W,F,35-39,385031
2007,AI,M,35-39,3092
2007,API,M,35-39,41433
2007,B,M,35-39,98395
2007,W,M,35-39,390649
2007,AI,F,40-44,3579
2007,API,F,40-44,36650
2007,B,F,40-44,110894
2007,W,F,40-44,413889
2007,AI,M,40-44,3333
2007,API,M,40-44,35717
2007,B,M,40-44,100748
2007,W,M,40-44,413372
2007,AI,F,45-49,4083
2007,API,F,45-49,32574
2007,B,F,45-49,109701
2007,W,F,45-49,468326
2007,AI,M,45-49,3728
2007,API,M,45-49,30469
2007,B,M,45-49,100211
2007,W,M,45-49,468939
2007,AI,F,50-54,3710
2007,API,F,50-54,29673
2007,B,F,50-54,95473
2007,W,F,50-54,454382
2007,AI,M,50-54,3490
2007,API,M,50-54,25942
2007,B,M,50-54,87438
2007,W,M,50-54,446772
2007,AI,F,55-59,2990
2007,API,F,55-59,25034
2007,B,F,55-59,76120
2007,W,F,55-59,401805
2007,AI,M,55-59,2948
2007,API,M,55-59,21024
2007,B,M,55-59,65614
2007,W,M,55-59,390105
2007,AI,F,60-64,2189
2007,API,F,60-64,16658
2007,B,F,60-64,50836
2007,W,F,60-64,334349
2007,AI,M,60-64,2259
2007,API,M,60-64,14770
2007,B,M,60-64,42321
2007,W,M,60-64,321602
2007,AI,F,65-69,1377
2007,API,F,65-69,11475
2007,B,F,65-69,37866
2007,W,F,65-69,254527
2007,AI,M,65-69,1473
2007,API,M,65-69,10104
2007,B,M,65-69,29503
2007,W,M,65-69,234983
2007,AI,F,70-74,885
2007,API,F,70-74,7949
2007,B,F,70-74,30157
2007,W,F,70-74,208745
2007,AI,M,70-74,868
2007,API,M,70-74,6681
2007,B,M,70-74,21390
2007,W,M,70-74,181408
2007,AI,F,75-79,656
2007,API,F,75-79,5425
2007,B,F,75-79,23480
2007,W,F,75-79,180869
2007,AI,M,75-79,545
2007,API,M,75-79,3921
2007,B,M,75-79,14330
2007,W,M,75-79,142813
2007,AI,F,80-84,391
2007,API,F,80-84,3197
2007,B,F,80-84,16300
2007,W,F,80-84,147646
2007,AI,M,80-84,305
2007,API,M,80-84,2061
2007,B,M,80-84,8580
2007,W,M,80-84,96644
2007,AI,F,85+,338
2007,API,F,85+,2103
2007,B,F,85+,15130
2007,W,F,85+,143648
2007,AI,M,85+,170
2007,API,M,85+,1286
2007,B,M,85+,5911
2007,W,M,85+,66622
2008,AI,F,20-24,3415
2008,API,F,20-24,33605
2008,B,F,20-24,112194
2008,W,F,20-24,359484
2008,AI,M,20-24,3296
2008,API,M,20-24,35406
2008,B,M,20-24,111854
2008,W,M,20-24,369999
2008,AI,F,25-29,3168
2008,API,F,25-29,44411
2008,B,F,25-29,114087
2008,W,F,25-29,371964
2008,AI,M,25-29,3196
2008,API,M,25-29,41322
2008,B,M,25-29,104532
2008,W,M,25-29,371487
2008,AI,F,30-34,2859
2008,API,F,30-34,46017
2008,B,F,30-34,105432
2008,W,F,30-34,337575
2008,AI,M,30-34,2828
2008,API,M,30-34,42347
2008,B,M,30-34,94703
2008,W,M,30-34,343847
2008,AI,F,35-39,3380
2008,API,F,35-39,47551
2008,B,F,35-39,110782
2008,W,F,35-39,382521
2008,AI,M,35-39,3132
2008,API,M,35-39,43999
2008,B,M,35-39,100372
2008,W,M,35-39,386988
2008,AI,F,40-44,3456
2008,API,F,40-44,38585
2008,B,F,40-44,109541
2008,W,F,40-44,396587
2008,AI,M,40-44,3252
2008,API,M,40-44,37443
2008,B,M,40-44,99970
2008,W,M,40-44,398353
2008,AI,F,45-49,4055
2008,API,F,45-49,34338
2008,B,F,45-49,111629
2008,W,F,45-49,465061
2008,AI,M,45-49,3724
2008,API,M,45-49,32410
2008,B,M,45-49,102164
2008,W,M,45-49,464407
2008,AI,F,50-54,3928
2008,API,F,50-54,31036
2008,B,F,50-54,99599
2008,W,F,50-54,462114
2008,AI,M,50-54,3702
2008,API,M,50-54,27485
2008,B,M,50-54,91349
2008,W,M,50-54,455099
2008,AI,F,55-59,3076
2008,API,F,55-59,26670
2008,B,F,55-59,79780
2008,W,F,55-59,409342
2008,AI,M,55-59,2961
2008,API,M,55-59,22300
2008,B,M,55-59,68958
2008,W,M,55-59,396666
2008,AI,F,60-64,2319
2008,API,F,60-64,18759
2008,B,F,60-64,54762
2008,W,F,60-64,349243
2008,AI,M,60-64,2344
2008,API,M,60-64,16108
2008,B,M,60-64,45534
2008,W,M,60-64,335718
2008,AI,F,65-69,1490
2008,API,F,65-69,12510
2008,B,F,65-69,39469
2008,W,F,65-69,268593
2008,AI,M,65-69,1595
2008,API,M,65-69,11251
2008,B,M,65-69,31340
2008,W,M,65-69,249275
2008,AI,F,70-74,957
2008,API,F,70-74,8532
2008,B,F,70-74,29921
2008,W,F,70-74,212476
2008,AI,M,70-74,949
2008,API,M,70-74,7403
2008,B,M,70-74,21581
2008,W,M,70-74,185501
2008,AI,F,75-79,696
2008,API,F,75-79,5833
2008,B,F,75-79,23888
2008,W,F,75-79,180376
2008,AI,M,75-79,570
2008,API,M,75-79,4321
2008,B,M,75-79,14661
2008,W,M,75-79,144195
2008,AI,F,80-84,393
2008,API,F,80-84,3478
2008,B,F,80-84,16341
2008,W,F,80-84,147030
2008,AI,M,80-84,289
2008,API,M,80-84,2210
2008,B,M,80-84,8691
2008,W,M,80-84,97659
2008,AI,F,85+,350
2008,API,F,85+,2306
2008,B,F,85+,15544
2008,W,F,85+,146096
2008,AI,M,85+,195
2008,API,M,85+,1422
2008,B,M,85+,6116
2008,W,M,85+,69539
2009,AI,F,20-24,3334
2009,API,F,20-24,35247
2009,B,F,20-24,114254
2009,W,F,20-24,359594
2009,AI,M,20-24,3220
2009,API,M,20-24,37248
2009,B,M,20-24,113032
2009,W,M,20-24,368814
2009,AI,F,25-29,3128
2009,API,F,25-29,45466
2009,B,F,25-29,114685
2009,W,F,25-29,376602
2009,AI,M,25-29,3138
2009,API,M,25-29,42171
2009,B,M,25-29,106660
2009,W,M,25-29,379344
2009,AI,F,30-34,2964
2009,API,F,30-34,47395
2009,B,F,30-34,108679
2009,W,F,30-34,345068
2009,AI,M,30-34,2948
2009,API,M,30-34,42622
2009,B,M,30-34,98084
2009,W,M,30-34,350262
2009,AI,F,35-39,3357
2009,API,F,35-39,49830
2009,B,F,35-39,112335
2009,W,F,35-39,374628
2009,AI,M,35-39,3050
2009,API,M,35-39,45945
2009,B,M,35-39,101597
2009,W,M,35-39,379608
2009,AI,F,40-44,3400
2009,API,F,40-44,41144
2009,B,F,40-44,108291
2009,W,F,40-44,386202
2009,AI,M,40-44,3194
2009,API,M,40-44,39569
2009,B,M,40-44,99494
2009,W,M,40-44,389492
2009,AI,F,45-49,4195
2009,API,F,45-49,36290
2009,B,F,45-49,113319
2009,W,F,45-49,461395
2009,AI,M,45-49,3832
2009,API,M,45-49,34547
2009,B,M,45-49,103570
2009,W,M,45-49,459217
2009,AI,F,50-54,3925
2009,API,F,50-54,32550
2009,B,F,50-54,103560
2009,W,F,50-54,466290
2009,AI,M,50-54,3726
2009,API,M,50-54,28808
2009,B,M,50-54,94928
2009,W,M,50-54,461237
2009,AI,F,55-59,3174
2009,API,F,55-59,27872
2009,B,F,55-59,83599
2009,W,F,55-59,420220
2009,AI,M,55-59,3008
2009,API,M,55-59,23588
2009,B,M,55-59,72493
2009,W,M,55-59,406148
2009,AI,F,60-64,2421
2009,API,F,60-64,21034
2009,B,F,60-64,59551
2009,W,F,60-64,363946
2009,AI,M,60-64,2476
2009,API,M,60-64,17687
2009,B,M,60-64,49919
2009,W,M,60-64,349159
2009,AI,F,65-69,1574
2009,API,F,65-69,13569
2009,B,F,65-69,41731
2009,W,F,65-69,281666
2009,AI,M,65-69,1701
2009,API,M,65-69,12306
2009,B,M,65-69,32692
2009,W,M,65-69,262418
2009,AI,F,70-74,1024
2009,API,F,70-74,9331
2009,B,F,70-74,30733
2009,W,F,70-74,216656
2009,AI,M,70-74,974
2009,API,M,70-74,8088
2009,B,M,70-74,22141
2009,W,M,70-74,190582
2009,AI,F,75-79,717
2009,API,F,75-79,6206
2009,B,F,75-79,23991
2009,W,F,75-79,180213
2009,AI,M,75-79,570
2009,API,M,75-79,4676
2009,B,M,75-79,15254
2009,W,M,75-79,144736
2009,AI,F,80-84,407
2009,API,F,80-84,3702
2009,B,F,80-84,16957
2009,W,F,80-84,145541
2009,AI,M,80-84,328
2009,API,M,80-84,2450
2009,B,M,80-84,8975
2009,W,M,80-84,98937
2009,AI,F,85+,361
2009,API,F,85+,2541
2009,B,F,85+,16285
2009,W,F,85+,149421
2009,AI,M,85+,201
2009,API,M,85+,1534
2009,B,M,85+,6354
2009,W,M,85+,72609
2010,AI,F,20-24,3346
2010,API,F,20-24,36742
2010,B,F,20-24,117225
2010,W,F,20-24,360224
2010,AI,M,20-24,3295
2010,API,M,20-24,39050
2010,B,M,20-24,115438
2010,W,M,20-24,369477
2010,AI,F,25-29,3217
2010,API,F,25-29,46338
2010,B,F,25-29,114922
2010,W,F,25-29,378503
2010,AI,M,25-29,3172
2010,API,M,25-29,43305
2010,B,M,25-29,108587
2010,W,M,25-29,384731
2010,AI,F,30-34,3016
2010,API,F,30-34,48475
2010,B,F,30-34,112971
2010,W,F,30-34,354184
2010,AI,M,30-34,2960
2010,API,M,30-34,43173
2010,B,M,30-34,102706
2010,W,M,30-34,359800
2010,AI,F,35-39,3294
2010,API,F,35-39,51665
2010,B,F,35-39,112142
2010,W,F,35-39,363885
2010,AI,M,35-39,3058
2010,API,M,35-39,47360
2010,B,M,35-39,101468
2010,W,M,35-39,368219
2010,AI,F,40-44,3387
2010,API,F,40-44,44080
2010,B,F,40-44,108645
2010,W,F,40-44,385021
2010,AI,M,40-44,3187
2010,API,M,40-44,41939
2010,B,M,40-44,100153
2010,W,M,40-44,390305
2010,AI,F,45-49,4127
2010,API,F,45-49,37666
2010,B,F,45-49,114289
2010,W,F,45-49,449614
2010,AI,M,45-49,3765
2010,API,M,45-49,36282
2010,B,M,45-49,104120
2010,W,M,45-49,446590
2010,AI,F,50-54,3968
2010,API,F,50-54,33964
2010,B,F,50-54,106859
2010,W,F,50-54,470198
2010,AI,M,50-54,3797
2010,API,M,50-54,30260
2010,B,M,50-54,98135
2010,W,M,50-54,465583
2010,AI,F,55-59,3243
2010,API,F,55-59,29179
2010,B,F,55-59,87416
2010,W,F,55-59,431437
2010,AI,M,55-59,3138
2010,API,M,55-59,24760
2010,B,M,55-59,76246
2010,W,M,55-59,417485
2010,AI,F,60-64,2604
2010,API,F,60-64,23349
2010,B,F,60-64,64887
2010,W,F,60-64,379885
2010,AI,M,60-64,2617
2010,API,M,60-64,19468
2010,B,M,60-64,54699
2010,W,M,60-64,364241
2010,AI,F,65-69,1646
2010,API,F,65-69,14992
2010,B,F,65-69,43816
2010,W,F,65-69,291506
2010,AI,M,65-69,1711
2010,API,M,65-69,13236
2010,B,M,65-69,34265
2010,W,M,65-69,271689
2010,AI,F,70-74,1072
2010,API,F,70-74,10128
2010,B,F,70-74,31559
2010,W,F,70-74,219901
2010,AI,M,70-74,1028
2010,API,M,70-74,8850
2010,B,M,70-74,22873
2010,W,M,70-74,194435
2010,AI,F,75-79,730
2010,API,F,75-79,6526
2010,B,F,75-79,24360
2010,W,F,75-79,180756
2010,AI,M,75-79,584
2010,API,M,75-79,5149
2010,B,M,75-79,15630
2010,W,M,75-79,146443
2010,AI,F,80-84,422
2010,API,F,80-84,4041
2010,B,F,80-84,17419
2010,W,F,80-84,145651
2010,AI,M,80-84,356
2010,API,M,80-84,2742
2010,B,M,80-84,9225
2010,W,M,80-84,101099
2010,AI,F,85+,364
2010,API,F,85+,2795
2010,B,F,85+,16953
2010,W,F,85+,153074
2010,AI,M,85+,203
2010,API,M,85+,1659
2010,B,M,85+,6705
2010,W,M,85+,75652
2011,AI,F,20-24,3486
2011,API,F,20-24,38158
2011,B,F,20-24,121972
2011,W,F,20-24,363822
2011,AI,M,20-24,3504
2011,API,M,20-24,40750
2011,B,M,20-24,121252
2011,W,M,20-24,373258
2011,AI,F,25-29,3241
2011,API,F,25-29,47837
2011,B,F,25-29,116563
2011,W,F,25-29,382136
2011,AI,M,25-29,3175
2011,API,M,25-29,45088
2011,B,M,25-29,110992
2011,W,M,25-29,387412
2011,AI,F,30-34,3094
2011,API,F,30-34,50357
2011,B,F,30-34,116771
2011,W,F,30-34,364656
2011,AI,M,30-34,3041
2011,API,M,30-34,44483
2011,B,M,30-34,106793
2011,W,M,30-34,370199
2011,AI,F,35-39,3173
2011,API,F,35-39,53016
2011,B,F,35-39,110841
2011,W,F,35-39,351404
2011,AI,M,35-39,2968
2011,API,M,35-39,48318
2011,B,M,35-39,100069
2011,W,M,35-39,355802
2011,AI,F,40-44,3480
2011,API,F,40-44,47172
2011,B,F,40-44,111107
2011,W,F,40-44,391185
2011,AI,M,40-44,3260
2011,API,M,40-44,44559
2011,B,M,40-44,102131
2011,W,M,40-44,397090
2011,AI,F,45-49,3927
2011,API,F,45-49,39195
2011,B,F,45-49,113761
2011,W,F,45-49,431390
2011,AI,M,45-49,3639
2011,API,M,45-49,37986
2011,B,M,45-49,103811
2011,W,M,45-49,429190
2011,AI,F,50-54,4131
2011,API,F,50-54,34973
2011,B,F,50-54,109267
2011,W,F,50-54,472760
2011,AI,M,50-54,3811
2011,API,M,50-54,31454
2011,B,M,50-54,99804
2011,W,M,50-54,468492
2011,AI,F,55-59,3394
2011,API,F,55-59,30590
2011,B,F,55-59,91058
2011,W,F,55-59,440966
2011,AI,M,55-59,3297
2011,API,M,55-59,26366
2011,B,M,55-59,79931
2011,W,M,55-59,426613
2011,AI,F,60-64,2798
2011,API,F,60-64,25504
2011,B,F,60-64,70362
2011,W,F,60-64,397183
2011,AI,M,60-64,2799
2011,API,M,60-64,20885
2011,B,M,60-64,59003
2011,W,M,60-64,378698
2011,AI,F,65-69,1790
2011,API,F,65-69,16284
2011,B,F,65-69,45366
2011,W,F,65-69,297550
2011,AI,M,65-69,1824
2011,API,M,65-69,14248
2011,B,M,65-69,35773
2011,W,M,65-69,278087
2011,AI,F,70-74,1126
2011,API,F,70-74,11030
2011,B,F,70-74,32802
2011,W,F,70-74,226721
2011,AI,M,70-74,1119
2011,API,M,70-74,9723
2011,B,M,70-74,23851
2011,W,M,70-74,201250
2011,AI,F,75-79,790
2011,API,F,75-79,7082
2011,B,F,75-79,25130
2011,W,F,75-79,181986
2011,AI,M,75-79,647
2011,API,M,75-79,5713
2011,B,M,75-79,16130
2011,W,M,75-79,148579
2011,AI,F,80-84,457
2011,API,F,80-84,4439
2011,B,F,80-84,17575
2011,W,F,80-84,145870
2011,AI,M,80-84,410
2011,API,M,80-84,3045
2011,B,M,80-84,9525
2011,W,M,80-84,102992
2011,AI,F,85+,412
2011,API,F,85+,3193
2011,B,F,85+,17461
2011,W,F,85+,156277
2011,AI,M,85+,244
2011,API,M,85+,1895
2011,B,M,85+,6967
2011,W,M,85+,78904
2012,AI,F,20-24,3650
2012,API,F,20-24,39946
2012,B,F,20-24,127149
2012,W,F,20-24,366253
2012,AI,M,20-24,3777
2012,API,M,20-24,43177
2012,B,M,20-24,128945
2012,W,M,20-24,381958
2012,AI,F,25-29,3348
2012,API,F,25-29,49975
2012,B,F,25-29,119268
2012,W,F,25-29,384151
2012,AI,M,25-29,3249
2012,API,M,25-29,47224
2012,B,M,25-29,114395
2012,W,M,25-29,390674
2012,AI,F,30-34,3219
2012,API,F,30-34,53258
2012,B,F,30-34,120188
2012,W,F,30-34,374381
2012,AI,M,30-34,3113
2012,API,M,30-34,47173
2012,B,M,30-34,110579
2012,W,M,30-34,380972
2012,AI,F,35-39,3131
2012,API,F,35-39,54048
2012,B,F,35-39,111501
2012,W,F,35-39,348494
2012,AI,M,35-39,3042
2012,API,M,35-39,49457
2012,B,M,35-39,100874
2012,W,M,35-39,352622
2012,AI,F,40-44,3524
2012,API,F,40-44,50851
2012,B,F,40-44,113961
2012,W,F,40-44,392685
2012,AI,M,40-44,3315
2012,API,M,40-44,47645
2012,B,M,40-44,104368
2012,W,M,40-44,398805
2012,AI,F,45-49,3744
2012,API,F,45-49,40942
2012,B,F,45-49,112984
2012,W,F,45-49,414635
2012,AI,M,45-49,3528
2012,API,M,45-49,39445
2012,B,M,45-49,103244
2012,W,M,45-49,414068
2012,AI,F,50-54,4176
2012,API,F,50-54,36020
2012,B,F,50-54,111060
2012,W,F,50-54,470161
2012,AI,M,50-54,3770
2012,API,M,50-54,33034
2012,B,M,50-54,101244
2012,W,M,50-54,465940
2012,AI,F,55-59,3578
2012,API,F,55-59,32089
2012,B,F,55-59,95793
2012,W,F,55-59,451356
2012,AI,M,55-59,3512
2012,API,M,55-59,27907
2012,B,M,55-59,84419
2012,W,M,55-59,436604
2012,AI,F,60-64,2848
2012,API,F,60-64,27192
2012,B,F,60-64,74132
2012,W,F,60-64,394143
2012,AI,M,60-64,2840
2012,API,M,60-64,22173
2012,B,M,60-64,61690
2012,W,M,60-64,374460
2012,AI,F,65-69,1997
2012,API,F,65-69,18041
2012,B,F,65-69,49220
2012,W,F,65-69,324220
2012,AI,M,65-69,2039
2012,API,M,65-69,15549
2012,B,M,65-69,38872
2012,W,M,65-69,303304
2012,AI,F,70-74,1222
2012,API,F,70-74,12174
2012,B,F,70-74,34095
2012,W,F,70-74,235895
2012,AI,M,70-74,1226
2012,API,M,70-74,10608
2012,B,M,70-74,25070
2012,W,M,70-74,209854
2012,AI,F,75-79,842
2012,API,F,75-79,7773
2012,B,F,75-79,25824
2012,W,F,75-79,183501
2012,AI,M,75-79,725
2012,API,M,75-79,6386
2012,B,M,75-79,16610
2012,W,M,75-79,150705
2012,AI,F,80-84,515
2012,API,F,80-84,4774
2012,B,F,80-84,17937
2012,W,F,80-84,146094
2012,AI,M,80-84,432
2012,API,M,80-84,3380
2012,B,M,80-84,9910
2012,W,M,80-84,104694
2012,AI,F,85+,472
2012,API,F,85+,3578
2012,B,F,85+,17913
2012,W,F,85+,159971
2012,AI,M,85+,304
2012,API,M,85+,2141
2012,B,M,85+,7243
2012,W,M,85+,82466
2013,AI,F,20-24,3760
2013,API,F,20-24,41404
2013,B,F,20-24,130968
2013,W,F,20-24,364913
2013,AI,M,20-24,4083
2013,API,M,20-24,44799
2013,B,M,20-24,135041
2013,W,M,20-24,383845
2013,AI,F,25-29,3474
2013,API,F,25-29,52098
2013,B,F,25-29,122562
2013,W,F,25-29,385235
2013,AI,M,25-29,3308
2013,API,M,25-29,49521
2013,B,M,25-29,118149
2013,W,M,25-29,391955
2013,AI,F,30-34,3277
2013,API,F,30-34,56412
2013,B,F,30-34,123855
2013,W,F,30-34,382593
2013,AI,M,30-34,3229
2013,API,M,30-34,50232
2013,B,M,30-34,114716
2013,W,M,30-34,390959
2013,AI,F,35-39,3133
2013,API,F,35-39,55314
2013,B,F,35-39,112643
2013,W,F,35-39,350329
2013,AI,M,35-39,3032
2013,API,M,35-39,50552
2013,B,M,35-39,102626
2013,W,M,35-39,354234
2013,AI,F,40-44,3519
2013,API,F,40-44,54139
2013,B,F,40-44,116113
2013,W,F,40-44,388871
2013,AI,M,40-44,3273
2013,API,M,40-44,50380
2013,B,M,40-44,105902
2013,W,M,40-44,394206
2013,AI,F,45-49,3611
2013,API,F,45-49,42732
2013,B,F,45-49,112144
2013,W,F,45-49,397834
2013,AI,M,45-49,3409
2013,API,M,45-49,41085
2013,B,M,45-49,102623
2013,W,M,45-49,400158
2013,AI,F,50-54,4220
2013,API,F,50-54,37698
2013,B,F,50-54,112511
2013,W,F,50-54,465552
2013,AI,M,50-54,3806
2013,API,M,50-54,34890
2013,B,M,50-54,102368
2013,W,M,50-54,460013
2013,AI,F,55-59,3742
2013,API,F,55-59,33493
2013,B,F,55-59,99592
2013,W,F,55-59,456601
2013,AI,M,55-59,3670
2013,API,M,55-59,29377
2013,B,M,55-59,88033
2013,W,M,55-59,442879
2013,AI,F,60-64,2933
2013,API,F,60-64,28713
2013,B,F,60-64,77632
2013,W,F,60-64,399348
2013,AI,M,60-64,2920
2013,API,M,60-64,23438
2013,B,M,60-64,64148
2013,W,M,60-64,378470
2013,AI,F,65-69,2169
2013,API,F,65-69,20101
2013,B,F,65-69,53072
2013,W,F,65-69,336556
2013,AI,M,65-69,2134
2013,API,M,65-69,17083
2013,B,M,65-69,42142
2013,W,M,65-69,314299
2013,AI,F,70-74,1345
2013,API,F,70-74,13407
2013,B,F,70-74,36031
2013,W,F,70-74,249237
2013,AI,M,70-74,1376
2013,API,M,70-74,11570
2013,B,M,70-74,26614
2013,W,M,70-74,222937
2013,AI,F,75-79,898
2013,API,F,75-79,8444
2013,B,F,75-79,26195
2013,W,F,75-79,186839
2013,AI,M,75-79,813
2013,API,M,75-79,7129
2013,B,M,75-79,17030
2013,W,M,75-79,154045
2013,AI,F,80-84,575
2013,API,F,80-84,5206
2013,B,F,80-84,18395
2013,W,F,80-84,145854
2013,AI,M,80-84,453
2013,API,M,80-84,3781
2013,B,M,80-84,10284
2013,W,M,80-84,105963
2013,AI,F,85+,530
2013,API,F,85+,3993
2013,B,F,85+,18398
2013,W,F,85+,161590
2013,AI,M,85+,354
2013,API,M,85+,2433
2013,B,M,85+,7585
2013,W,M,85+,84928
2014,AI,F,20-24,3937
2014,API,F,20-24,43445
2014,B,F,20-24,134253
2014,W,F,20-24,363007
2014,AI,M,20-24,4257
2014,API,M,20-24,46439
2014,B,M,20-24,139638
2014,W,M,20-24,384991
2014,AI,F,25-29,3621
2014,API,F,25-29,55863
2014,B,F,25-29,128106
2014,W,F,25-29,391219
2014,AI,M,25-29,3467
2014,API,M,25-29,53628
2014,B,M,25-29,124320
2014,W,M,25-29,399032
2014,AI,F,30-34,3361
2014,API,F,30-34,60304
2014,B,F,30-34,126897
2014,W,F,30-34,390793
2014,AI,M,30-34,3306
2014,API,M,30-34,54273
2014,B,M,30-34,118022
2014,W,M,30-34,398944
2014,AI,F,35-39,3126
2014,API,F,35-39,57906
2014,B,F,35-39,116553
2014,W,F,35-39,356504
2014,AI,M,35-39,3122
2014,API,M,35-39,52841
2014,B,M,35-39,106676
2014,W,M,35-39,361760
2014,AI,F,40-44,3498
2014,API,F,40-44,57263
2014,B,F,40-44,118040
2014,W,F,40-44,381569
2014,AI,M,40-44,3253
2014,API,M,40-44,53277
2014,B,M,40-44,107336
2014,W,M,40-44,387384
2014,AI,F,45-49,3513
2014,API,F,45-49,45406
2014,B,F,45-49,111043
2014,W,F,45-49,388917
2014,AI,M,45-49,3362
2014,API,M,45-49,43532
2014,B,M,45-49,101950
2014,W,M,45-49,392613
2014,AI,F,50-54,4244
2014,API,F,50-54,39547
2014,B,F,50-54,113818
2014,W,F,50-54,460254
2014,AI,M,50-54,3837
2014,API,M,50-54,37139
2014,B,M,50-54,103135
2014,W,M,50-54,454050
2014,AI,F,55-59,3862
2014,API,F,55-59,35192
2014,B,F,55-59,103286
2014,W,F,55-59,459423
2014,AI,M,55-59,3766
2014,API,M,55-59,30788
2014,B,M,55-59,91607
2014,W,M,55-59,447329
2014,AI,F,60-64,3013
2014,API,F,60-64,30424
2014,B,F,60-64,81275
2014,W,F,60-64,408356
2014,AI,M,60-64,2955
2014,API,M,60-64,24800
2014,B,M,60-64,67040
2014,W,M,60-64,385933
2014,AI,F,65-69,2359
2014,API,F,65-69,22430
2014,B,F,65-69,57415
2014,W,F,65-69,349164
2014,AI,M,65-69,2338
2014,API,M,65-69,18676
2014,B,M,65-69,45627
2014,W,M,65-69,325419
2014,AI,F,70-74,1472
2014,API,F,70-74,14702
2014,B,F,70-74,38297
2014,W,F,70-74,261378
2014,AI,M,70-74,1529
2014,API,M,70-74,12649
2014,B,M,70-74,27807
2014,W,M,70-74,233568
2014,AI,F,75-79,979
2014,API,F,75-79,9267
2014,B,F,75-79,26648
2014,W,F,75-79,190999
2014,AI,M,75-79,873
2014,API,M,75-79,7845
2014,B,M,75-79,17644
2014,W,M,75-79,158578
2014,AI,F,80-84,619
2014,API,F,80-84,5627
2014,B,F,80-84,18779
2014,W,F,80-84,145968
2014,AI,M,80-84,491
2014,API,M,80-84,4260
2014,B,M,80-84,10699
2014,W,M,80-84,106793
2014,AI,F,85+,593
2014,API,F,85+,4482
2014,B,F,85+,19081
2014,W,F,85+,164437
2014,AI,M,85+,420
2014,API,M,85+,2759
2014,B,M,85+,8007
2014,W,M,85+,88130
2015,AI,F,20-24,3984
2015,API,F,20-24,45158
2015,B,F,20-24,134732
2015,W,F,20-24,357031
2015,AI,M,20-24,4283
2015,API,M,20-24,47685
2015,B,M,20-24,142120
2015,W,M,20-24,382946
2015,AI,F,25-29,3816
2015,API,F,25-29,59754
2015,B,F,25-29,135227
2015,W,F,25-29,396899
2015,AI,M,25-29,3714
2015,API,M,25-29,57584
2015,B,M,25-29,131389
2015,W,M,25-29,405547
2015,AI,F,30-34,3402
2015,API,F,30-34,64255
2015,B,F,30-34,129215
2015,W,F,30-34,397315
2015,AI,M,30-34,3425
2015,API,M,30-34,58217
2015,B,M,30-34,120901
2015,W,M,30-34,405702
2015,AI,F,35-39,3207
2015,API,F,35-39,61098
2015,B,F,35-39,122592
2015,W,F,35-39,365694
2015,AI,M,35-39,3219
2015,API,M,35-39,55729
2015,B,M,35-39,112569
2015,W,M,35-39,372351
2015,AI,F,40-44,3395
2015,API,F,40-44,60118
2015,B,F,40-44,118353
2015,W,F,40-44,372101
2015,AI,M,40-44,3256
2015,API,M,40-44,56037
2015,B,M,40-44,107827
2015,W,M,40-44,377632
2015,AI,F,45-49,3492
2015,API,F,45-49,49318
2015,B,F,45-49,112099
2015,W,F,45-49,389304
2015,AI,M,45-49,3329
2015,API,M,45-49,46940
2015,B,M,45-49,102959
2015,W,M,45-49,394458
2015,AI,F,50-54,4170
2015,API,F,50-54,40893
2015,B,F,50-54,115005
2015,W,F,50-54,448364
2015,AI,M,50-54,3768
2015,API,M,50-54,38938
2015,B,M,50-54,103418
2015,W,M,50-54,442417
2015,AI,F,55-59,3952
2015,API,F,55-59,36896
2015,B,F,55-59,106244
2015,W,F,55-59,462487
2015,AI,M,55-59,3884
2015,API,M,55-59,32371
2015,B,M,55-59,94459
2015,W,M,55-59,451254
2015,AI,F,60-64,3171
2015,API,F,60-64,31980
2015,B,F,60-64,85373
2015,W,F,60-64,418476
2015,AI,M,60-64,3071
2015,API,M,60-64,26229
2015,B,M,60-64,70778
2015,W,M,60-64,395292
2015,AI,F,65-69,2527
2015,API,F,65-69,25149
2015,B,F,65-69,62131
2015,W,F,65-69,362660
2015,AI,M,65-69,2557
2015,API,M,65-69,20493
2015,B,M,65-69,49207
2015,W,M,65-69,337123
2015,AI,F,70-74,1587
2015,API,F,70-74,16110
2015,B,F,70-74,40406
2015,W,F,70-74,270535
2015,AI,M,70-74,1614
2015,API,M,70-74,13822
2015,B,M,70-74,29345
2015,W,M,70-74,241578
2015,AI,F,75-79,1014
2015,API,F,75-79,10269
2015,B,F,75-79,27602
2015,W,F,75-79,194695
2015,AI,M,75-79,953
2015,API,M,75-79,8713
2015,B,M,75-79,18202
2015,W,M,75-79,162185
2015,AI,F,80-84,679
2015,API,F,80-84,5990
2015,B,F,80-84,19254
2015,W,F,80-84,146943
2015,AI,M,80-84,540
2015,API,M,80-84,4719
2015,B,M,80-84,11158
2015,W,M,80-84,108412
2015,AI,F,85+,665
2015,API,F,85+,5107
2015,B,F,85+,19773
2015,W,F,85+,166958
2015,AI,M,85+,483
2015,API,M,85+,3194
2015,B,M,85+,8375
2015,W,M,85+,91407
2016,AI,F,20-24,4005
2016,API,F,20-24,45938
2016,B,F,20-24,133661
2016,W,F,20-24,348845
2016,AI,M,20-24,4254
2016,API,M,20-24,48144
2016,B,M,20-24,141853
2016,W,M,20-24,376231
2016,AI,F,25-29,4031
2016,API,F,25-29,62432
2016,B,F,25-29,142271
2016,W,F,25-29,400296
2016,AI,M,25-29,3936
2016,API,M,25-29,60163
2016,B,M,25-29,138777
2016,W,M,25-29,410049
2016,AI,F,30-34,3459
2016,API,F,30-34,67435
2016,B,F,30-34,132237
2016,W,F,30-34,401127
2016,AI,M,30-34,3451
2016,API,M,30-34,61635
2016,B,M,30-34,124884
2016,W,M,30-34,409334
2016,AI,F,35-39,3314
2016,API,F,35-39,64647
2016,B,F,35-39,127703
2016,W,F,35-39,377104
2016,AI,M,35-39,3345
2016,API,M,35-39,58703
2016,B,M,35-39,118002
2016,W,M,35-39,383106
2016,AI,F,40-44,3253
2016,API,F,40-44,62456
2016,B,F,40-44,118115
2016,W,F,40-44,359719
2016,AI,M,40-44,3140
2016,API,M,40-44,58575
2016,B,M,40-44,107258
2016,W,M,40-44,365176
2016,AI,F,45-49,3552
2016,API,F,45-49,53089
2016,B,F,45-49,115120
2016,W,F,45-49,395488
2016,AI,M,45-49,3398
2016,API,M,45-49,50397
2016,B,M,45-49,105516
2016,W,M,45-49,401544
2016,AI,F,50-54,3933
2016,API,F,50-54,42653
2016,B,F,50-54,114866
2016,W,F,50-54,429911
2016,AI,M,50-54,3662
2016,API,M,50-54,40988
2016,B,M,50-54,103324
2016,W,M,50-54,425441
2016,AI,F,55-59,4101
2016,API,F,55-59,37832
2016,B,F,55-59,108814
2016,W,F,55-59,464725
2016,AI,M,55-59,3815
2016,API,M,55-59,33621
2016,B,M,55-59,96237
2016,W,M,55-59,453710
2016,AI,F,60-64,3290
2016,API,F,60-64,33688
2016,B,F,60-64,89217
2016,W,F,60-64,426764
2016,AI,M,60-64,3268
2016,API,M,60-64,27978
2016,B,M,60-64,74598
2016,W,M,60-64,403143
2016,AI,F,65-69,2686
2016,API,F,65-69,27746
2016,B,F,65-69,67488
2016,W,F,65-69,378679
2016,AI,M,65-69,2711
2016,API,M,65-69,21969
2016,B,M,65-69,53121
2016,W,M,65-69,349992
2016,AI,F,70-74,1712
2016,API,F,70-74,17432
2016,B,F,70-74,41976
2016,W,F,70-74,275706
2016,AI,M,70-74,1740
2016,API,M,70-74,14974
2016,B,M,70-74,30652
2016,W,M,70-74,246698
2016,AI,F,75-79,1072
2016,API,F,75-79,11210
2016,B,F,75-79,28914
2016,W,F,75-79,201058
2016,AI,M,75-79,1035
2016,API,M,75-79,9599
2016,B,M,75-79,18976
2016,W,M,75-79,167972
2016,AI,F,80-84,741
2016,API,F,80-84,6501
2016,B,F,80-84,19941
2016,W,F,80-84,147905
2016,AI,M,80-84,594
2016,API,M,80-84,5280
2016,B,M,80-84,11549
2016,W,M,80-84,110145
2016,AI,F,85+,734
2016,API,F,85+,5729
2016,B,F,85+,20264
2016,W,F,85+,169275
2016,AI,M,85+,566
2016,API,M,85+,3567
2016,B,M,85+,8707
2016,W,M,85+,94446
2017,AI,F,20-24,3925
2017,API,F,20-24,47128
2017,B,F,20-24,132716
2017,W,F,20-24,343029
2017,AI,M,20-24,4116
2017,API,M,20-24,48667
2017,B,M,20-24,140416
2017,W,M,20-24,369872
2017,AI,F,25-29,4117
2017,API,F,25-29,64195
2017,B,F,25-29,148071
2017,W,F,25-29,399971
2017,AI,M,25-29,4231
2017,API,M,25-29,62071
2017,B,M,25-29,146617
2017,W,M,25-29,412760
2017,AI,F,30-34,3683
2017,API,F,30-34,69965
2017,B,F,30-34,135674
2017,W,F,30-34,402117
2017,AI,M,30-34,3479
2017,API,M,30-34,64190
2017,B,M,30-34,128352
2017,W,M,30-34,409656
2017,AI,F,35-39,3338
2017,API,F,35-39,68219
2017,B,F,35-39,131854
2017,W,F,35-39,385404
2017,AI,M,35-39,3370
2017,API,M,35-39,62113
2017,B,M,35-39,122570
2017,W,M,35-39,391937
2017,AI,F,40-44,3240
2017,API,F,40-44,64167
2017,B,F,40-44,118988
2017,W,F,40-44,356276
2017,AI,M,40-44,3217
2017,API,M,40-44,60160
2017,B,M,40-44,108120
2017,W,M,40-44,360714
2017,AI,F,45-49,3536
2017,API,F,45-49,57234
2017,B,F,45-49,118063
2017,W,F,45-49,395728
2017,AI,M,45-49,3390
2017,API,M,45-49,54205
2017,B,M,45-49,108205
2017,W,M,45-49,402307
2017,AI,F,50-54,3708
2017,API,F,50-54,44548
2017,B,F,50-54,114012
2017,W,F,50-54,412250
2017,AI,M,50-54,3560
2017,API,M,50-54,42573
2017,B,M,50-54,102858
2017,W,M,50-54,409909
2017,AI,F,55-59,4124
2017,API,F,55-59,38799
2017,B,F,55-59,110588
2017,W,F,55-59,460996
2017,AI,M,55-59,3788
2017,API,M,55-59,35006
2017,B,M,55-59,97505
2017,W,M,55-59,450011
2017,AI,F,60-64,3473
2017,API,F,60-64,35382
2017,B,F,60-64,93592
2017,W,F,60-64,435430
2017,AI,M,60-64,3436
2017,API,M,60-64,29560
2017,B,M,60-64,78696
2017,W,M,60-64,411022
2017,AI,F,65-69,2773
2017,API,F,65-69,29657
2017,B,F,65-69,70833
2017,W,F,65-69,374392
2017,AI,M,65-69,2749
2017,API,M,65-69,23211
2017,B,M,65-69,55212
2017,W,M,65-69,344568
2017,AI,F,70-74,1930
2017,API,F,70-74,19164
2017,B,F,70-74,45700
2017,W,F,70-74,300865
2017,AI,M,70-74,1936
2017,API,M,70-74,16343
2017,B,M,70-74,33552
2017,W,M,70-74,270052
2017,AI,F,75-79,1146
2017,API,F,75-79,12416
2017,B,F,75-79,30109
2017,W,F,75-79,209313
2017,AI,M,75-79,1135
2017,API,M,75-79,10610
2017,B,M,75-79,19912
2017,W,M,75-79,175335
2017,AI,F,80-84,765
2017,API,F,80-84,7109
2017,B,F,80-84,20582
2017,W,F,80-84,149212
2017,AI,M,80-84,670
2017,API,M,80-84,5895
2017,B,M,80-84,11775
2017,W,M,80-84,111733
2017,AI,F,85+,859
2017,API,F,85+,6327
2017,B,F,85+,20702
2017,W,F,85+,170806
2017,AI,M,85+,632
2017,API,M,85+,4010
2017,B,M,85+,9142
2017,W,M,85+,97022
2018,AI,F,20-24,3872
2018,API,F,20-24,47620
2018,B,F,20-24,131892
2018,W,F,20-24,340081
2018,AI,M,20-24,4030
2018,API,M,20-24,48612
2018,B,M,20-24,138407
2018,W,M,20-24,365945
2018,AI,F,25-29,4186
2018,API,F,25-29,64122
2018,B,F,25-29,152464
2018,W,F,25-29,396599
2018,AI,M,25-29,4447
2018,API,M,25-29,61768
2018,B,M,25-29,152817
2018,W,M,25-29,411770
2018,AI,F,30-34,3815
2018,API,F,30-34,71492
2018,B,F,30-34,139251
2018,W,F,30-34,401837
2018,AI,M,30-34,3552
2018,API,M,30-34,65633
2018,B,M,30-34,131915
2018,W,M,30-34,409305
2018,AI,F,35-39,3432
2018,API,F,35-39,71428
2018,B,F,35-39,136082
2018,W,F,35-39,393314
2018,AI,M,35-39,3446
2018,API,M,35-39,65195
2018,B,M,35-39,126652
2018,W,M,35-39,400772
2018,AI,F,40-44,3232
2018,API,F,40-44,65557
2018,B,F,40-44,120633
2018,W,F,40-44,357927
2018,AI,M,40-44,3234
2018,API,M,40-44,61395
2018,B,M,40-44,110053
2018,W,M,40-44,362238
2018,AI,F,45-49,3539
2018,API,F,45-49,60486
2018,B,F,45-49,120551
2018,W,F,45-49,392050
2018,AI,M,45-49,3365
2018,API,M,45-49,57130
2018,B,M,45-49,109636
2018,W,M,45-49,397515
2018,AI,F,50-54,3570
2018,API,F,50-54,46441
2018,B,F,50-54,113276
2018,W,F,50-54,396034
2018,AI,M,50-54,3454
2018,API,M,50-54,44362
2018,B,M,50-54,102376
2018,W,M,50-54,396364
2018,AI,F,55-59,4160
2018,API,F,55-59,40364
2018,B,F,55-59,112103
2018,W,F,55-59,456356
2018,AI,M,55-59,3785
2018,API,M,55-59,36858
2018,B,M,55-59,98464
2018,W,M,55-59,444492
2018,AI,F,60-64,3617
2018,API,F,60-64,36696
2018,B,F,60-64,97202
2018,W,F,60-64,440572
2018,AI,M,60-64,3587
2018,API,M,60-64,30873
2018,B,M,60-64,82216
2018,W,M,60-64,417127
2018,AI,F,65-69,2828
2018,API,F,65-69,31246
2018,B,F,65-69,74198
2018,W,F,65-69,379659
2018,AI,M,65-69,2790
2018,API,M,65-69,24370
2018,B,M,65-69,57361
2018,W,M,65-69,348195
2018,AI,F,70-74,2099
2018,API,F,70-74,21149
2018,B,F,70-74,49490
2018,W,F,70-74,312437
2018,AI,M,70-74,2051
2018,API,M,70-74,17734
2018,B,M,70-74,36422
2018,W,M,70-74,280285
2018,AI,F,75-79,1233
2018,API,F,75-79,13557
2018,B,F,75-79,32033
2018,W,F,75-79,221710
2018,AI,M,75-79,1277
2018,API,M,75-79,11534
2018,B,M,75-79,21267
2018,W,M,75-79,186821
2018,AI,F,80-84,802
2018,API,F,80-84,7685
2018,B,F,80-84,20859
2018,W,F,80-84,152203
2018,AI,M,80-84,733
2018,API,M,80-84,6551
2018,B,M,80-84,12199
2018,W,M,80-84,114515
2018,AI,F,85+,924
2018,API,F,85+,6944
2018,B,F,85+,21441
2018,W,F,85+,171669
2018,AI,M,85+,668
2018,API,M,85+,4457
2018,B,M,85+,9576
2018,W,M,85+,99244
2019,AI,F,20-24,3788
2019,API,F,20-24,47859
2019,B,F,20-24,131620
2019,W,F,20-24,339611
2019,AI,M,20-24,3907
2019,API,M,20-24,48968
2019,B,M,20-24,138225
2019,W,M,20-24,365218
2019,AI,F,25-29,4322
2019,API,F,25-29,64130
2019,B,F,25-29,155124
2019,W,F,25-29,392140
2019,AI,M,25-29,4596
2019,API,M,25-29,61810
2019,B,M,25-29,156872
2019,W,M,25-29,409159
2019,AI,F,30-34,3895
2019,API,F,30-34,73282
2019,B,F,30-34,145001
2019,W,F,30-34,404985
2019,AI,M,30-34,3666
2019,API,M,30-34,67574
2019,B,M,30-34,138022
2019,W,M,30-34,412986
2019,AI,F,35-39,3543
2019,API,F,35-39,74210
2019,B,F,35-39,138732
2019,W,F,35-39,400244
2019,AI,M,35-39,3605
2019,API,M,35-39,68121
2019,B,M,35-39,129207
2019,W,M,35-39,406758
2019,AI,F,40-44,3238
2019,API,F,40-44,67838
2019,B,F,40-44,124358
2019,W,F,40-44,362523
2019,AI,M,40-44,3270
2019,API,M,40-44,62958
2019,B,M,40-44,113442
2019,W,M,40-44,368037
2019,AI,F,45-49,3522
2019,API,F,45-49,63011
2019,B,F,45-49,122250
2019,W,F,45-49,384025
2019,AI,M,45-49,3309
2019,API,M,45-49,59875
2019,B,M,45-49,111087
2019,W,M,45-49,389301
2019,AI,F,50-54,3472
2019,API,F,50-54,48868
2019,B,F,50-54,112261
2019,W,F,50-54,386766
2019,AI,M,50-54,3339
2019,API,M,50-54,46529
2019,B,M,50-54,101650
2019,W,M,50-54,388403
2019,AI,F,55-59,4136
2019,API,F,55-59,42033
2019,B,F,55-59,113492
2019,W,F,55-59,450455
2019,AI,M,55-59,3855
2019,API,M,55-59,38967
2019,B,M,55-59,99425
2019,W,M,55-59,438539
2019,AI,F,60-64,3747
2019,API,F,60-64,38007
2019,B,F,60-64,100739
2019,W,F,60-64,443682
2019,AI,M,60-64,3649
2019,API,M,60-64,32036
2019,B,M,60-64,85508
2019,W,M,60-64,422029
2019,AI,F,65-69,2917
2019,API,F,65-69,32733
2019,B,F,65-69,77750
2019,W,F,65-69,388014
2019,AI,M,65-69,2805
2019,API,M,65-69,25553
2019,B,M,65-69,60051
2019,W,M,65-69,354666
2019,AI,F,70-74,2250
2019,API,F,70-74,23312
2019,B,F,70-74,53692
2019,W,F,70-74,324125
2019,AI,M,70-74,2207
2019,API,M,70-74,19196
2019,B,M,70-74,39654
2019,W,M,70-74,290531
2019,AI,F,75-79,1343
2019,API,F,75-79,14705
2019,B,F,75-79,34083
2019,W,F,75-79,232607
2019,AI,M,75-79,1387
2019,API,M,75-79,12411
2019,B,M,75-79,22371
2019,W,M,75-79,195974
2019,AI,F,80-84,854
2019,API,F,80-84,8433
2019,B,F,80-84,21311
2019,W,F,80-84,155756
2019,AI,M,80-84,751
2019,API,M,80-84,7158
2019,B,M,80-84,12731
2019,W,M,80-84,118425
2019,AI,F,85+,955
2019,API,F,85+,7541
2019,B,F,85+,22127
2019,W,F,85+,172281
2019,AI,M,85+,699
2019,API,M,85+,5050
2019,B,M,85+,10068
2019,W,M,85+,101234
1999,H,F,20-24,282021
1999,H,M,20-24,321096
1999,H,F,25-29,281419
1999,H,M,25-29,307973
1999,H,F,30-34,258793
1999,H,M,30-34,284239
1999,H,F,35-39,241302
1999,H,M,35-39,259665
1999,H,F,40-44,205033
1999,H,M,40-44,213509
1999,H,F,45-49,164424
1999,H,M,45-49,163797
1999,H,F,50-54,129538
1999,H,M,50-54,123343
1999,H,F,55-59,91583
1999,H,M,55-59,82683
1999,H,F,60-64,75062
1999,H,M,60-64,64059
1999,H,F,65-69,63188
1999,H,M,65-69,50706
1999,H,F,70-74,53460
1999,H,M,70-74,39837
1999,H,F,75-79,37482
1999,H,M,75-79,27018
1999,H,F,80-84,20531
1999,H,M,80-84,13108
1999,H,F,85+,19371
1999,H,M,85+,10015
2000,H,F,20-24,292561
2000,H,M,20-24,335679
2000,H,F,25-29,294660
2000,H,M,25-29,323957
2000,H,F,30-34,267359
2000,H,M,30-34,291974
2000,H,F,35-39,250047
2000,H,M,35-39,269220
2000,H,F,40-44,215800
2000,H,M,40-44,226274
2000,H,F,45-49,174029
2000,H,M,45-49,174084
2000,H,F,50-54,139297
2000,H,M,50-54,133203
2000,H,F,55-59,98154
2000,H,M,55-59,89168
2000,H,F,60-64,77516
2000,H,M,60-64,66473
2000,H,F,65-69,65662
2000,H,M,65-69,53269
2000,H,F,70-74,55525
2000,H,M,70-74,41875
2000,H,F,75-79,39851
2000,H,M,75-79,28860
2000,H,F,80-84,21724
2000,H,M,80-84,13992
2000,H,F,85+,20248
2000,H,M,85+,10516
2001,H,F,20-24,303394
2001,H,M,20-24,348975
2001,H,F,25-29,301962
2001,H,M,25-29,333124
2001,H,F,30-34,279262
2001,H,M,30-34,299898
2001,H,F,35-39,257256
2001,H,M,35-39,275789
2001,H,F,40-44,226372
2001,H,M,40-44,236750
2001,H,F,45-49,183199
2001,H,M,45-49,183759
2001,H,F,50-54,148758
2001,H,M,50-54,142773
2001,H,F,55-59,104896
2001,H,M,55-59,95967
2001,H,F,60-64,80072
2001,H,M,60-64,69071
2001,H,F,65-69,67934
2001,H,M,65-69,55125
2001,H,F,70-74,56992
2001,H,M,70-74,42978
2001,H,F,75-79,42032
2001,H,M,75-79,30218
2001,H,F,80-84,23462
2001,H,M,80-84,15166
2001,H,F,85+,20437
2001,H,M,85+,10579
2002,H,F,20-24,315166
2002,H,M,20-24,364276
2002,H,F,25-29,308845
2002,H,M,25-29,340985
2002,H,F,30-34,292407
2002,H,M,30-34,311053
2002,H,F,35-39,263864
2002,H,M,35-39,280948
2002,H,F,40-44,236219
2002,H,M,40-44,246867
2002,H,F,45-49,194335
2002,H,M,45-49,195301
2002,H,F,50-54,155222
2002,H,M,50-54,149746
2002,H,F,55-59,114411
2002,H,M,55-59,105208
2002,H,F,60-64,83542
2002,H,M,60-64,72417
2002,H,F,65-69,70039
2002,H,M,65-69,56790
2002,H,F,70-74,58744
2002,H,M,70-74,44298
2002,H,F,75-79,43648
2002,H,M,75-79,31195
2002,H,F,80-84,25885
2002,H,M,80-84,16857
2002,H,F,85+,20637
2002,H,M,85+,10507
2003,H,F,20-24,326941
2003,H,M,20-24,376432
2003,H,F,25-29,313653
2003,H,M,25-29,347174
2003,H,F,30-34,303965
2003,H,M,30-34,320295
2003,H,F,35-39,271607
2003,H,M,35-39,286079
2003,H,F,40-44,246291
2003,H,M,40-44,256654
2003,H,F,45-49,203843
2003,H,M,45-49,205725
2003,H,F,50-54,163458
2003,H,M,50-54,158028
2003,H,F,55-59,123858
2003,H,M,55-59,114155
2003,H,F,60-64,87601
2003,H,M,60-64,76200
2003,H,F,65-69,73071
2003,H,M,65-69,59574
2003,H,F,70-74,59561
2003,H,M,70-74,45113
2003,H,F,75-79,45897
2003,H,M,75-79,32272
2003,H,F,80-84,27975
2003,H,M,80-84,18540
2003,H,F,85+,21259
2003,H,M,85+,10908
2004,H,F,20-24,334120
2004,H,M,20-24,382982
2004,H,F,25-29,319323
2004,H,M,25-29,353899
2004,H,F,30-34,314263
2004,H,M,30-34,328559
2004,H,F,35-39,279564
2004,H,M,35-39,291582
2004,H,F,40-44,256788
2004,H,M,40-44,266463
2004,H,F,45-49,213329
2004,H,M,45-49,216392
2004,H,F,50-54,172130
2004,H,M,50-54,166448
2004,H,F,55-59,132867
2004,H,M,55-59,123580
2004,H,F,60-64,93213
2004,H,M,60-64,81270
2004,H,F,65-69,75551
2004,H,M,65-69,61739
2004,H,F,70-74,60906
2004,H,M,70-74,46634
2004,H,F,75-79,47706
2004,H,M,75-79,33374
2004,H,F,80-84,30366
2004,H,M,80-84,20249
2004,H,F,85+,21991
2004,H,M,85+,11253
2005,H,F,20-24,338715
2005,H,M,20-24,386861
2005,H,F,25-29,328360
2005,H,M,25-29,362608
2005,H,F,30-34,323243
2005,H,M,30-34,336585
2005,H,F,35-39,289447
2005,H,M,35-39,299222
2005,H,F,40-44,265620
2005,H,M,40-44,273828
2005,H,F,45-49,224874
2005,H,M,45-49,229032
2005,H,F,50-54,180396
2005,H,M,50-54,175762
2005,H,F,55-59,143363
2005,H,M,55-59,132610
2005,H,F,60-64,99673
2005,H,M,60-64,87271
2005,H,F,65-69,77415
2005,H,M,65-69,63944
2005,H,F,70-74,62643
2005,H,M,70-74,48582
2005,H,F,75-79,49751
2005,H,M,75-79,34969
2005,H,F,80-84,32326
2005,H,M,80-84,21272
2005,H,F,85+,23756
2005,H,M,85+,12196
2006,H,F,20-24,342844
2006,H,M,20-24,388940
2006,H,F,25-29,339444
2006,H,M,25-29,372638
2006,H,F,30-34,332019
2006,H,M,30-34,346428
2006,H,F,35-39,304129
2006,H,M,35-39,309586
2006,H,F,40-44,274451
2006,H,M,40-44,282699
2006,H,F,45-49,236252
2006,H,M,45-49,240766
2006,H,F,50-54,190517
2006,H,M,50-54,185856
2006,H,F,55-59,153206
2006,H,M,55-59,142477
2006,H,F,60-64,106758
2006,H,M,60-64,93986
2006,H,F,65-69,80913
2006,H,M,65-69,67193
2006,H,F,70-74,65497
2006,H,M,70-74,50583
2006,H,F,75-79,51421
2006,H,M,75-79,36274
2006,H,F,80-84,34500
2006,H,M,80-84,22617
2006,H,F,85+,25182
2006,H,M,85+,13106
2007,H,F,20-24,347283
2007,H,M,20-24,391097
2007,H,F,25-29,350943
2007,H,M,25-29,384058
2007,H,F,30-34,340865
2007,H,M,30-34,354915
2007,H,F,35-39,320151
2007,H,M,35-39,323159
2007,H,F,40-44,282874
2007,H,M,40-44,290245
2007,H,F,45-49,247030
2007,H,M,45-49,251904
2007,H,F,50-54,202875
2007,H,M,50-54,198151
2007,H,F,55-59,160166
2007,H,M,55-59,149467
2007,H,F,60-64,116659
2007,H,M,60-64,103214
2007,H,F,65-69,84542
2007,H,M,65-69,70646
2007,H,F,70-74,67587
2007,H,M,70-74,52292
2007,H,F,75-79,53143
2007,H,M,75-79,37420
2007,H,F,80-84,35954
2007,H,M,80-84,23553
2007,H,F,85+,26991
2007,H,M,85+,14207
2008,H,F,20-24,353416
2008,H,M,20-24,394965
2008,H,F,25-29,362116
2008,H,M,25-29,393831
2008,H,F,30-34,347392
2008,H,M,30-34,362788
2008,H,F,35-39,333892
2008,H,M,35-39,335733
2008,H,F,40-44,291852
2008,H,M,40-44,298041
2008,H,F,45-49,257931
2008,H,M,45-49,263355
2008,H,F,50-54,213393
2008,H,M,50-54,209605
2008,H,F,55-59,168691
2008,H,M,55-59,157828
2008,H,F,60-64,126495
2008,H,M,60-64,112336
2008,H,F,65-69,89059
2008,H,M,65-69,74745
2008,H,F,70-74,70828
2008,H,M,70-74,55157
2008,H,F,75-79,54145
2008,H,M,75-79,38309
2008,H,F,80-84,38028
2008,H,M,80-84,24532
2008,H,F,85+,28552
2008,H,M,85+,15591
2009,H,F,20-24,362264
2009,H,M,20-24,400851
2009,H,F,25-29,370186
2009,H,M,25-29,400364
2009,H,F,30-34,355050
2009,H,M,30-34,371253
2009,H,F,35-39,346394
2009,H,M,35-39,346616
2009,H,F,40-44,301186
2009,H,M,40-44,306558
2009,H,F,45-49,269687
2009,H,M,45-49,274863
2009,H,F,50-54,224133
2009,H,M,50-54,221366
2009,H,F,55-59,177884
2009,H,M,55-59,166474
2009,H,F,60-64,135559
2009,H,M,60-64,121940
2009,H,F,65-69,94872
2009,H,M,65-69,79898
2009,H,F,70-74,73179
2009,H,M,70-74,57115
2009,H,F,75-79,55325
2009,H,M,75-79,39678
2009,H,F,80-84,39635
2009,H,M,80-84,25430
2009,H,F,85+,30602
2009,H,M,85+,16859
2010,H,F,20-24,372704
2010,H,M,20-24,410039
2010,H,F,25-29,373565
2010,H,M,25-29,402343
2010,H,F,30-34,364375
2010,H,M,30-34,380278
2010,H,F,35-39,355865
2010,H,M,35-39,355283
2010,H,F,40-44,311419
2010,H,M,40-44,315422
2010,H,F,45-49,278245
2010,H,M,45-49,282958
2010,H,F,50-54,235894
2010,H,M,50-54,233912
2010,H,F,55-59,186501
2010,H,M,55-59,175848
2010,H,F,60-64,145571
2010,H,M,60-64,130969
2010,H,F,65-69,101224
2010,H,M,65-69,85724
2010,H,F,70-74,75173
2010,H,M,70-74,59301
2010,H,F,75-79,57109
2010,H,M,75-79,41449
2010,H,F,80-84,41469
2010,H,M,80-84,26832
2010,H,F,85+,33078
2010,H,M,85+,18145
2011,H,F,20-24,385822
2011,H,M,20-24,420584
2011,H,F,25-29,376899
2011,H,M,25-29,408080
2011,H,F,30-34,371852
2011,H,M,30-34,389076
2011,H,F,35-39,361491
2011,H,M,35-39,361965
2011,H,F,40-44,323761
2011,H,M,40-44,323892
2011,H,F,45-49,284916
2011,H,M,45-49,290436
2011,H,F,50-54,244880
2011,H,M,50-54,242982
2011,H,F,55-59,195895
2011,H,M,55-59,185228
2011,H,F,60-64,153886
2011,H,M,60-64,139262
2011,H,F,65-69,107415
2011,H,M,65-69,91623
2011,H,F,70-74,77766
2011,H,M,70-74,61820
2011,H,F,75-79,59462
2011,H,M,75-79,43040
2011,H,F,80-84,43108
2011,H,M,80-84,28171
2011,H,F,85+,35654
2011,H,M,85+,19544
2012,H,F,20-24,400838
2012,H,M,20-24,434225
2012,H,F,25-29,379142
2012,H,M,25-29,413376
2012,H,F,30-34,379273
2012,H,M,30-34,399537
2012,H,F,35-39,365782
2012,H,M,35-39,368202
2012,H,F,40-44,336553
2012,H,M,40-44,334745
2012,H,F,45-49,291387
2012,H,M,45-49,295610
2012,H,F,50-54,253567
2012,H,M,50-54,252446
2012,H,F,55-59,206591
2012,H,M,55-59,195808
2012,H,F,60-64,159540
2012,H,M,60-64,144665
2012,H,F,65-69,116383
2012,H,M,65-69,99884
2012,H,F,70-74,80873
2012,H,M,70-74,64661
2012,H,F,75-79,61584
2012,H,M,75-79,44773
2012,H,F,80-84,44691
2012,H,M,80-84,29330
2012,H,F,85+,38112
2012,H,M,85+,21006
2013,H,F,20-24,412577
2013,H,M,20-24,444419
2013,H,F,25-29,382443
2013,H,M,25-29,418758
2013,H,F,30-34,386208
2013,H,M,30-34,408826
2013,H,F,35-39,368497
2013,H,M,35-39,374859
2013,H,F,40-44,346873
2013,H,M,40-44,343972
2013,H,F,45-49,298189
2013,H,M,45-49,301671
2013,H,F,50-54,262435
2013,H,M,50-54,261650
2013,H,F,55-59,215331
2013,H,M,55-59,205275
2013,H,F,60-64,166555
2013,H,M,60-64,151182
2013,H,F,65-69,124382
2013,H,M,65-69,107604
2013,H,F,70-74,84951
2013,H,M,70-74,68327
2013,H,F,75-79,64303
2013,H,M,75-79,47021
2013,H,F,80-84,45660
2013,H,M,80-84,30156
2013,H,F,85+,40579
2013,H,M,85+,22537
2014,H,F,20-24,424194
2014,H,M,20-24,455452
2014,H,F,25-29,389052
2014,H,M,25-29,426882
2014,H,F,30-34,392545
2014,H,M,30-34,417201
2014,H,F,35-39,372159
2014,H,M,35-39,381940
2014,H,F,40-44,356919
2014,H,M,40-44,353371
2014,H,F,45-49,305703
2014,H,M,45-49,307759
2014,H,F,50-54,271516
2014,H,M,50-54,270831
2014,H,F,55-59,224158
2014,H,M,55-59,215314
2014,H,F,60-64,174508
2014,H,M,60-64,158606
2014,H,F,65-69,132171
2014,H,M,65-69,115040
2014,H,F,70-74,89969
2014,H,M,70-74,72608
2014,H,F,75-79,66556
2014,H,M,75-79,48976
2014,H,F,80-84,47051
2014,H,M,80-84,31417
2014,H,F,85+,43163
2014,H,M,85+,24056
2015,H,F,20-24,431476
2015,H,M,20-24,462640
2015,H,F,25-29,399319
2015,H,M,25-29,438195
2015,H,F,30-34,395973
2015,H,M,30-34,422778
2015,H,F,35-39,380166
2015,H,M,35-39,394277
2015,H,F,40-44,365072
2015,H,M,40-44,362938
2015,H,F,45-49,315978
2015,H,M,45-49,317036
2015,H,F,50-54,279220
2015,H,M,50-54,278470
2015,H,F,55-59,234059
2015,H,M,55-59,226424
2015,H,F,60-64,183067
2015,H,M,60-64,167437
2015,H,F,65-69,140594
2015,H,M,65-69,122386
2015,H,F,70-74,95440
2015,H,M,70-74,77446
2015,H,F,75-79,68550
2015,H,M,75-79,51012
2015,H,F,80-84,48608
2015,H,M,80-84,32827
2015,H,F,85+,46268
2015,H,M,85+,25838
2016,H,F,20-24,435776
2016,H,M,20-24,466172
2016,H,F,25-29,411722
2016,H,M,25-29,449591
2016,H,F,30-34,399732
2016,H,M,30-34,430968
2016,H,F,35-39,387747
2016,H,M,35-39,404704
2016,H,F,40-44,370895
2016,H,M,40-44,370934
2016,H,F,45-49,329019
2016,H,M,45-49,326733
2016,H,F,50-54,286177
2016,H,M,50-54,286253
2016,H,F,55-59,242596
2016,H,M,55-59,235285
2016,H,F,60-64,192310
2016,H,M,60-64,176588
2016,H,F,65-69,148820
2016,H,M,65-69,130134
2016,H,F,70-74,101302
2016,H,M,70-74,82735
2016,H,F,75-79,71011
2016,H,M,75-79,53206
2016,H,F,80-84,50648
2016,H,M,80-84,34226
2016,H,F,85+,48900
2016,H,M,85+,27615
2017,H,F,20-24,437552
2017,H,M,20-24,466921
2017,H,F,25-29,425300
2017,H,M,25-29,460740
2017,H,F,30-34,401350
2017,H,M,30-34,435993
2017,H,F,35-39,395079
2017,H,M,35-39,415207
2017,H,F,40-44,375195
2017,H,M,40-44,377480
2017,H,F,45-49,341234
2017,H,M,45-49,337740
2017,H,F,50-54,291952
2017,H,M,50-54,291402
2017,H,F,55-59,250755
2017,H,M,55-59,244317
2017,H,F,60-64,202216
2017,H,M,60-64,186496
2017,H,F,65-69,154070
2017,H,M,65-69,134988
2017,H,F,70-74,109786
2017,H,M,70-74,90288
2017,H,F,75-79,73748
2017,H,M,75-79,55617
2017,H,F,80-84,52684
2017,H,M,80-84,35695
2017,H,F,85+,51395
2017,H,M,85+,29356
2018,H,F,20-24,442320
2018,H,M,20-24,468737
2018,H,F,25-29,436094
2018,H,M,25-29,469751
2018,H,F,30-34,403262
2018,H,M,30-34,441109
2018,H,F,35-39,402441
2018,H,M,35-39,424263
2018,H,F,40-44,377867
2018,H,M,40-44,384500
2018,H,F,45-49,351784
2018,H,M,45-49,346614
2018,H,F,50-54,298755
2018,H,M,50-54,297548
2018,H,F,55-59,259589
2018,H,M,55-59,253427
2018,H,F,60-64,210596
2018,H,M,60-64,195428
2018,H,F,65-69,161077
2018,H,M,65-69,141051
2018,H,F,70-74,117165
2018,H,M,70-74,97476
2018,H,F,75-79,77517
2018,H,M,75-79,58665
2018,H,F,80-84,55056
2018,H,M,80-84,37619
2018,H,F,85+,53650
2018,H,M,85+,30738
2019,H,F,20-24,449464
2019,H,M,20-24,473865
2019,H,F,25-29,445726
2019,H,M,25-29,478418
2019,H,F,30-34,408033
2019,H,M,30-34,447022
2019,H,F,35-39,407973
2019,H,M,35-39,432459
2019,H,F,40-44,380852
2019,H,M,40-44,391071
2019,H,F,45-49,361342
2019,H,M,45-49,355685
2019,H,F,50-54,305791
2019,H,M,50-54,303612
2019,H,F,55-59,268498
2019,H,M,55-59,262445
2019,H,F,60-64,218888
2019,H,M,60-64,205112
2019,H,F,65-69,168761
2019,H,M,65-69,147892
2019,H,F,70-74,124503
2019,H,M,70-74,104416
2019,H,F,75-79,82108
2019,H,M,75-79,62355
2019,H,F,80-84,56901
2019,H,M,80-84,39078
2019,H,F,85+,56000
2019,H,M,85+,32504
